onset	duration	trial_type	value	sample	stim_file
359.6298828125	n/a	block_start	300	736522	n/a
364.62841796875	n/a	fixation_cross	312	746759	n/a
365.6376953125	n/a	tool_image	1	748826	tools/vacuum_cleaner_PNG56.png
366.6337890625	n/a	mask	701	750866	n/a
367.240234375	n/a	blank_white_screen	705	752108	n/a
368.0869140625	n/a	tool_auditory_imagery_task	601	753842	n/a
373.09033203125	n/a	blank_white_screen	705	764089	n/a
375.08740234375	n/a	fixation_cross	312	768179	n/a
376.1015625	n/a	animal_image	1	770256	animals/donkey_PNG7.png
377.10302734375	n/a	mask	701	772307	n/a
377.70703125	n/a	blank_white_screen	705	773544	n/a
378.35693359375	n/a	animal_auditory_imagery_task	601	774875	n/a
383.35693359375	n/a	blank_white_screen	705	785115	n/a
385.34375	n/a	fixation_cross	312	789184	n/a
386.43505859375	n/a	animal_image	1	791419	animals/cow_PNG50606.png
387.431640625	n/a	mask	701	793460	n/a
388.05712890625	n/a	blank_white_screen	705	794741	n/a
388.83056640625	n/a	animal_auditory_imagery_task	601	796325	n/a
393.84033203125	n/a	blank_white_screen	705	806585	n/a
395.82373046875	n/a	fixation_cross	312	810647	n/a
397.765625	n/a	animal_image	1	814624	animals/tiger_PNG23242.png
398.76025390625	n/a	mask	701	816661	n/a
399.37353515625	n/a	blank_white_screen	705	817917	n/a
399.9912109375	n/a	animal_auditory_imagery_task	601	819182	n/a
404.990234375	n/a	blank_white_screen	705	829420	n/a
406.9892578125	n/a	fixation_cross	312	833514	n/a
408.3359375	n/a	tool_image	1	836272	tools/keyboard_PNG5858.png
409.33349609375	n/a	mask	701	838315	n/a
409.93994140625	n/a	blank_white_screen	705	839557	n/a
410.84130859375	n/a	tool_auditory_imagery_task	601	841403	n/a
415.85693359375	n/a	blank_white_screen	705	851675	n/a
417.84619140625	n/a	fixation_cross	312	855749	n/a
419.50537109375	n/a	tool_image	1	859147	tools/broom_PNG58.png
420.51025390625	n/a	mask	701	861205	n/a
421.12353515625	n/a	blank_white_screen	705	862461	n/a
421.68115234375	n/a	tool_auditory_imagery_task	601	863603	n/a
426.68994140625	n/a	blank_white_screen	705	873861	n/a
428.67919921875	n/a	fixation_cross	312	877935	n/a
430.2763671875	n/a	tool_image	1	881206	tools/bottle_opener_PNG24.png
431.26953125	n/a	mask	701	883240	n/a
431.89208984375	n/a	blank_white_screen	705	884515	n/a
432.52685546875	n/a	tool_auditory_imagery_task	601	885815	n/a
437.5234375	n/a	blank_white_screen	705	896048	n/a
439.51318359375	n/a	fixation_cross	312	900123	n/a
440.84423828125	n/a	tool_image	1	902849	tools/computer_mouse_PNG7688.png
441.84619140625	n/a	mask	701	904901	n/a
442.45703125	n/a	blank_white_screen	705	906152	n/a
442.98193359375	n/a	tool_auditory_imagery_task	601	907227	n/a
447.990234375	n/a	blank_white_screen	705	917484	n/a
449.98046875	n/a	fixation_cross	312	921560	n/a
451.13671875	n/a	animal_image	1	923928	animals/cock_PNG21.png
452.1337890625	n/a	mask	701	925970	n/a
452.740234375	n/a	blank_white_screen	705	927212	n/a
453.7294921875	n/a	animal_auditory_imagery_task	601	929238	n/a
458.740234375	n/a	blank_white_screen	705	939500	n/a
460.728515625	n/a	fixation_cross	312	943572	n/a
462.67578125	n/a	tool_image	1	947560	tools/scissors_PNG28.png
463.6767578125	n/a	mask	701	949610	n/a
464.27294921875	n/a	blank_white_screen	705	950831	n/a
464.89697265625	n/a	tool_auditory_imagery_task	601	952109	n/a
469.90673828125	n/a	blank_white_screen	705	962369	n/a
471.88720703125	n/a	fixation_cross	312	966425	n/a
473.6669921875	n/a	tool_image	1	970070	tools/pen_PNG7418.png
474.66748046875	n/a	mask	701	972119	n/a
475.2900390625	n/a	blank_white_screen	705	973394	n/a
475.884765625	n/a	tool_auditory_imagery_task	601	974612	n/a
480.90673828125	n/a	blank_white_screen	705	984897	n/a
482.88623046875	n/a	fixation_cross	312	988951	n/a
484.62548828125	n/a	animal_image	1	992513	animals/lion_PNG562.png
485.63330078125	n/a	mask	701	994577	n/a
486.240234375	n/a	blank_white_screen	705	995820	n/a
486.9296875	n/a	animal_auditory_imagery_task	601	997232	n/a
491.93994140625	n/a	blank_white_screen	705	1007493	n/a
493.927734375	n/a	fixation_cross	312	1011564	n/a
495.28271484375	n/a	animal_image	1	1014339	animals/bear_PNG23456.png
496.28173828125	n/a	mask	701	1016385	n/a
496.90673828125	n/a	blank_white_screen	705	1017665	n/a
497.53955078125	n/a	animal_auditory_imagery_task	601	1018961	n/a
502.556640625	n/a	blank_white_screen	705	1029236	n/a
504.537109375	n/a	fixation_cross	312	1033292	n/a
505.74609375	n/a	tool_image	1	1035768	tools/toothbrash_PNG10557.png
506.744140625	n/a	mask	701	1037812	n/a
507.37353515625	n/a	blank_white_screen	705	1039101	n/a
507.94775390625	n/a	tool_auditory_imagery_task	601	1040277	n/a
512.95654296875	n/a	blank_white_screen	705	1050535	n/a
514.943359375	n/a	fixation_cross	312	1054604	n/a
516.798828125	n/a	animal_image	1	1058404	animals/donkey_PNG7.png
517.79541015625	n/a	mask	701	1060445	n/a
518.42333984375	n/a	blank_white_screen	705	1061731	n/a
519.11279296875	n/a	animal_auditory_imagery_task	601	1063143	n/a
524.12353515625	n/a	blank_white_screen	705	1073405	n/a
526.103515625	n/a	fixation_cross	312	1077460	n/a
527.3359375	n/a	tool_image	1	1079984	tools/corkscrew_PNG43.png
528.33837890625	n/a	mask	701	1082037	n/a
528.95654296875	n/a	blank_white_screen	705	1083303	n/a
529.56689453125	n/a	tool_auditory_imagery_task	601	1084553	n/a
534.5732421875	n/a	blank_white_screen	705	1094806	n/a
536.57080078125	n/a	fixation_cross	312	1098897	n/a
538.02490234375	n/a	animal_image	1	1101875	animals/pig_PNG2215.png
539.0185546875	n/a	mask	701	1103910	n/a
539.64013671875	n/a	blank_white_screen	705	1105183	n/a
540.5380859375	n/a	animal_auditory_imagery_task	601	1107022	n/a
545.5400390625	n/a	blank_white_screen	705	1117266	n/a
547.5361328125	n/a	fixation_cross	312	1121354	n/a
549.36181640625	n/a	animal_image	1	1125093	animals/elephants_PNG18808.png
550.35791015625	n/a	mask	701	1127133	n/a
550.97314453125	n/a	blank_white_screen	705	1128393	n/a
551.6689453125	n/a	animal_auditory_imagery_task	601	1129818	n/a
556.67333984375	n/a	blank_white_screen	705	1140067	n/a
558.66259765625	n/a	blank_white_screen	705	1144141	n/a
560.66845703125	n/a	short_break	702	1148249	n/a
590.64453125	n/a	break_end	704	1209640	n/a
615.0400390625	n/a	block_start	300	1259602	n/a
620.0390625	n/a	fixation_cross	312	1269840	n/a
621.60302734375	n/a	tool_image	1	1273043	tools/corkscrew_PNG43.png
622.60107421875	n/a	mask	701	1275087	n/a
623.22314453125	n/a	blank_white_screen	705	1276361	n/a
623.86328125	n/a	tool_auditory_imagery_task	601	1277672	n/a
628.8740234375	n/a	blank_white_screen	705	1287934	n/a
630.86279296875	n/a	fixation_cross	312	1292007	n/a
632.85595703125	n/a	animal_image	1	1296089	animals/dog_PNG50396.png
633.8544921875	n/a	mask	701	1298134	n/a
634.45654296875	n/a	blank_white_screen	705	1299367	n/a
635.1953125	n/a	animal_auditory_imagery_task	601	1300880	n/a
640.20654296875	n/a	blank_white_screen	705	1311143	n/a
642.193359375	n/a	fixation_cross	312	1315212	n/a
643.70703125	n/a	animal_image	1	1318312	animals/monkey_PNG18716.png
644.7041015625	n/a	mask	701	1320354	n/a
645.3232421875	n/a	blank_white_screen	705	1321622	n/a
646.29052734375	n/a	animal_auditory_imagery_task	601	1323603	n/a
651.306640625	n/a	blank_white_screen	705	1333876	n/a
653.27880859375	n/a	fixation_cross	312	1337915	n/a
654.27880859375	n/a	animal_image	1	1339963	animals/tiger_PNG23242.png
655.2802734375	n/a	mask	701	1342014	n/a
655.8896484375	n/a	blank_white_screen	705	1343262	n/a
656.41015625	n/a	animal_auditory_imagery_task	601	1344328	n/a
661.40625	n/a	blank_white_screen	705	1354560	n/a
663.3974609375	n/a	fixation_cross	312	1358638	n/a
665.306640625	n/a	tool_image	1	1362548	tools/knife_PNG1516.png
666.30322265625	n/a	mask	701	1364589	n/a
666.90625	n/a	blank_white_screen	705	1365824	n/a
667.44384765625	n/a	tool_auditory_imagery_task	601	1366925	n/a
672.45654296875	n/a	blank_white_screen	705	1377191	n/a
674.44287109375	n/a	fixation_cross	312	1381259	n/a
676.2109375	n/a	tool_image	1	1384880	tools/hand_saw_PNG9540.png
677.2099609375	n/a	mask	701	1386926	n/a
677.8232421875	n/a	blank_white_screen	705	1388182	n/a
678.8076171875	n/a	tool_auditory_imagery_task	601	1390198	n/a
683.82470703125	n/a	blank_white_screen	705	1400473	n/a
685.80224609375	n/a	fixation_cross	312	1404523	n/a
687.109375	n/a	animal_image	1	1407200	animals/crow_PNG3114.png
688.10595703125	n/a	mask	701	1409241	n/a
688.72314453125	n/a	blank_white_screen	705	1410505	n/a
689.65234375	n/a	animal_auditory_imagery_task	601	1412408	n/a
694.65625	n/a	blank_white_screen	705	1422656	n/a
696.64453125	n/a	fixation_cross	312	1426728	n/a
698.28955078125	n/a	animal_image	1	1430097	animals/sheep_PNG2718.png
699.28759765625	n/a	mask	701	1432141	n/a
699.8896484375	n/a	blank_white_screen	705	1433374	n/a
700.67822265625	n/a	animal_auditory_imagery_task	601	1434989	n/a
705.68994140625	n/a	blank_white_screen	705	1445253	n/a
707.66943359375	n/a	fixation_cross	312	1449307	n/a
709.31396484375	n/a	animal_image	1	1452675	animals/owl_PNG26.png
710.30517578125	n/a	mask	701	1454705	n/a
710.90625	n/a	blank_white_screen	705	1455936	n/a
711.7783203125	n/a	animal_auditory_imagery_task	601	1457722	n/a
716.78955078125	n/a	blank_white_screen	705	1467985	n/a
718.78271484375	n/a	fixation_cross	312	1472067	n/a
720.07470703125	n/a	tool_image	1	1474713	tools/keyboard_PNG5858.png
721.0703125	n/a	mask	701	1476752	n/a
721.68994140625	n/a	blank_white_screen	705	1478021	n/a
722.64453125	n/a	tool_auditory_imagery_task	601	1479976	n/a
727.65625	n/a	blank_white_screen	705	1490240	n/a
729.63671875	n/a	fixation_cross	312	1494296	n/a
731.20703125	n/a	tool_image	1	1497512	tools/toothbrash_PNG10557.png
732.20166015625	n/a	mask	701	1499549	n/a
732.8232421875	n/a	blank_white_screen	705	1500822	n/a
733.6884765625	n/a	tool_auditory_imagery_task	601	1502594	n/a
738.689453125	n/a	blank_white_screen	705	1512836	n/a
740.68896484375	n/a	fixation_cross	312	1516931	n/a
741.916015625	n/a	animal_image	1	1519444	animals/dog_PNG50396.png
742.9150390625	n/a	mask	701	1521490	n/a
743.52294921875	n/a	blank_white_screen	705	1522735	n/a
744.02783203125	n/a	animal_auditory_imagery_task	601	1523769	n/a
749.03955078125	n/a	blank_white_screen	705	1534033	n/a
751.0244140625	n/a	fixation_cross	312	1538098	n/a
752.0703125	n/a	animal_image	1	1540240	animals/crow_PNG3114.png
753.06494140625	n/a	mask	701	1542277	n/a
753.6728515625	n/a	blank_white_screen	705	1543522	n/a
754.33203125	n/a	animal_auditory_imagery_task	601	1544872	n/a
759.33984375	n/a	blank_white_screen	705	1555128	n/a
761.32470703125	n/a	fixation_cross	312	1559193	n/a
762.99072265625	n/a	animal_image	1	1562605	animals/cock_PNG21.png
763.99462890625	n/a	mask	701	1564661	n/a
764.6064453125	n/a	blank_white_screen	705	1565914	n/a
765.25830078125	n/a	animal_auditory_imagery_task	601	1567249	n/a
770.25634765625	n/a	blank_white_screen	705	1577485	n/a
772.25244140625	n/a	fixation_cross	312	1581573	n/a
773.47216796875	n/a	tool_image	1	1584071	tools/computer_mouse_PNG7688.png
774.47119140625	n/a	mask	701	1586117	n/a
775.08984375	n/a	blank_white_screen	705	1587384	n/a
775.9140625	n/a	tool_auditory_imagery_task	601	1589072	n/a
780.9228515625	n/a	blank_white_screen	705	1599330	n/a
782.90869140625	n/a	fixation_cross	312	1603397	n/a
784.3759765625	n/a	tool_image	1	1606402	tools/ax_PNG9104.png
785.37744140625	n/a	mask	701	1608453	n/a
785.98974609375	n/a	blank_white_screen	705	1609707	n/a
786.5830078125	n/a	tool_auditory_imagery_task	601	1610922	n/a
791.58935546875	n/a	blank_white_screen	705	1621175	n/a
793.57958984375	n/a	fixation_cross	312	1625251	n/a
795.13134765625	n/a	tool_image	1	1628429	tools/computer_mouse_PNG7688.png
796.14306640625	n/a	mask	701	1630501	n/a
796.75634765625	n/a	blank_white_screen	705	1631757	n/a
797.6298828125	n/a	tool_auditory_imagery_task	601	1633546	n/a
802.6396484375	n/a	blank_white_screen	705	1643806	n/a
804.634765625	n/a	fixation_cross	312	1647892	n/a
805.79150390625	n/a	tool_image	1	1650261	tools/phone_PNG48887.png
806.79052734375	n/a	mask	701	1652307	n/a
807.3896484375	n/a	blank_white_screen	705	1653534	n/a
808.171875	n/a	tool_auditory_imagery_task	601	1655136	n/a
813.17333984375	n/a	blank_white_screen	705	1665379	n/a
815.173828125	n/a	blank_white_screen	705	1669476	n/a
817.16552734375	n/a	short_break	702	1673555	n/a
847.15380859375	n/a	break_end	704	1734971	n/a
913.48974609375	n/a	block_start	300	1870827	n/a
918.486328125	n/a	fixation_cross	312	1881060	n/a
920.32421875	n/a	tool_image	1	1884824	tools/hammer_PNG1133.png
921.32470703125	n/a	mask	701	1886873	n/a
921.939453125	n/a	blank_white_screen	705	1888132	n/a
922.662109375	n/a	tool_auditory_imagery_task	601	1889612	n/a
927.689453125	n/a	blank_white_screen	705	1899908	n/a
929.6650390625	n/a	fixation_cross	312	1903954	n/a
931.447265625	n/a	animal_image	1	1907604	animals/cat_PNG50520.png
932.44775390625	n/a	mask	701	1909653	n/a
933.064453125	n/a	blank_white_screen	705	1910916	n/a
933.9443359375	n/a	animal_auditory_imagery_task	601	1912718	n/a
938.9560546875	n/a	blank_white_screen	705	1922982	n/a
940.9365234375	n/a	fixation_cross	312	1927038	n/a
942.8544921875	n/a	tool_image	1	1930966	tools/bottle_opener_PNG24.png
943.86572265625	n/a	mask	701	1933037	n/a
944.47265625	n/a	blank_white_screen	705	1934280	n/a
945.064453125	n/a	tool_auditory_imagery_task	601	1935492	n/a
950.0732421875	n/a	blank_white_screen	705	1945750	n/a
952.05419921875	n/a	fixation_cross	312	1949807	n/a
953.0986328125	n/a	animal_image	1	1951946	animals/pig_PNG2215.png
954.11083984375	n/a	mask	701	1954019	n/a
954.7060546875	n/a	blank_white_screen	705	1955238	n/a
955.6044921875	n/a	animal_auditory_imagery_task	601	1957078	n/a
960.60595703125	n/a	blank_white_screen	705	1967321	n/a
962.6005859375	n/a	fixation_cross	312	1971406	n/a
964.4560546875	n/a	tool_image	1	1975206	tools/microwave_PNG15726.png
965.46240234375	n/a	mask	701	1977267	n/a
966.0732421875	n/a	blank_white_screen	705	1978518	n/a
967.033203125	n/a	tool_auditory_imagery_task	601	1980484	n/a
972.03955078125	n/a	blank_white_screen	705	1990737	n/a
974.0341796875	n/a	fixation_cross	312	1994822	n/a
975.42041015625	n/a	tool_image	1	1997661	tools/vacuum_cleaner_PNG56.png
976.41845703125	n/a	mask	701	1999705	n/a
977.0234375	n/a	blank_white_screen	705	2000944	n/a
977.74267578125	n/a	tool_auditory_imagery_task	601	2002417	n/a
982.75732421875	n/a	blank_white_screen	705	2012687	n/a
984.7392578125	n/a	fixation_cross	312	2016746	n/a
985.93994140625	n/a	animal_image	1	2019205	animals/sheep_PNG2718.png
986.94287109375	n/a	mask	701	2021259	n/a
987.5556640625	n/a	blank_white_screen	705	2022514	n/a
988.31494140625	n/a	animal_auditory_imagery_task	601	2024069	n/a
993.32275390625	n/a	blank_white_screen	705	2034325	n/a
995.31103515625	n/a	fixation_cross	312	2038397	n/a
997.1953125	n/a	tool_image	1	2042256	tools/chain_saw_PNG18513.png
998.19189453125	n/a	mask	701	2044297	n/a
998.8056640625	n/a	blank_white_screen	705	2045554	n/a
999.51416015625	n/a	tool_auditory_imagery_task	601	2047005	n/a
1004.5224609375	n/a	blank_white_screen	705	2057262	n/a
1006.513671875	n/a	fixation_cross	312	2061340	n/a
1008.08251953125	n/a	animal_image	1	2064553	animals/monkey_PNG18716.png
1009.09228515625	n/a	mask	701	2066621	n/a
1009.68896484375	n/a	blank_white_screen	705	2067843	n/a
1010.42529296875	n/a	animal_auditory_imagery_task	601	2069351	n/a
1015.43896484375	n/a	blank_white_screen	705	2079619	n/a
1017.4208984375	n/a	fixation_cross	312	2083678	n/a
1019.25732421875	n/a	animal_image	1	2087439	animals/pig_PNG2215.png
1020.25390625	n/a	mask	701	2089480	n/a
1020.85595703125	n/a	blank_white_screen	705	2090713	n/a
1021.4560546875	n/a	animal_auditory_imagery_task	601	2091942	n/a
1026.47265625	n/a	blank_white_screen	705	2102216	n/a
1028.44775390625	n/a	fixation_cross	312	2106261	n/a
1030.08544921875	n/a	animal_image	1	2109615	animals/dog_PNG50396.png
1031.09326171875	n/a	mask	701	2111679	n/a
1031.68896484375	n/a	blank_white_screen	705	2112899	n/a
1032.39794921875	n/a	animal_auditory_imagery_task	601	2114351	n/a
1037.40576171875	n/a	blank_white_screen	705	2124607	n/a
1039.3974609375	n/a	fixation_cross	312	2128686	n/a
1041.087890625	n/a	tool_image	1	2132148	tools/corkscrew_PNG43.png
1042.08544921875	n/a	mask	701	2134191	n/a
1042.70556640625	n/a	blank_white_screen	705	2135461	n/a
1043.3505859375	n/a	tool_auditory_imagery_task	601	2136782	n/a
1048.35595703125	n/a	blank_white_screen	705	2147033	n/a
1050.3408203125	n/a	fixation_cross	312	2151098	n/a
1052.0341796875	n/a	animal_image	1	2154566	animals/elephants_PNG18808.png
1053.03369140625	n/a	mask	701	2156613	n/a
1053.63916015625	n/a	blank_white_screen	705	2157853	n/a
1054.16943359375	n/a	animal_auditory_imagery_task	601	2158939	n/a
1059.17236328125	n/a	blank_white_screen	705	2169185	n/a
1061.16650390625	n/a	fixation_cross	312	2173269	n/a
1062.7685546875	n/a	animal_image	1	2176550	animals/cock_PNG21.png
1063.775390625	n/a	mask	701	2178612	n/a
1064.3720703125	n/a	blank_white_screen	705	2179834	n/a
1065.14794921875	n/a	animal_auditory_imagery_task	601	2181423	n/a
1070.15576171875	n/a	blank_white_screen	705	2191679	n/a
1072.1435546875	n/a	fixation_cross	312	2195750	n/a
1073.177734375	n/a	tool_image	1	2197868	tools/pen_PNG7418.png
1074.17919921875	n/a	mask	701	2199919	n/a
1074.7890625	n/a	blank_white_screen	705	2201168	n/a
1075.720703125	n/a	tool_auditory_imagery_task	601	2203076	n/a
1080.7392578125	n/a	blank_white_screen	705	2213354	n/a
1082.72216796875	n/a	fixation_cross	312	2217415	n/a
1083.826171875	n/a	tool_image	1	2219676	tools/knife_PNG1516.png
1084.82568359375	n/a	mask	701	2221723	n/a
1085.43896484375	n/a	blank_white_screen	705	2222979	n/a
1085.93408203125	n/a	tool_auditory_imagery_task	601	2223993	n/a
1090.93896484375	n/a	blank_white_screen	705	2234243	n/a
1092.92626953125	n/a	fixation_cross	312	2238313	n/a
1094.81298828125	n/a	tool_image	1	2242177	tools/keyboard_PNG5858.png
1095.8125	n/a	mask	701	2244224	n/a
1096.423828125	n/a	blank_white_screen	705	2245476	n/a
1097.34716796875	n/a	tool_auditory_imagery_task	601	2247367	n/a
1102.35546875	n/a	blank_white_screen	705	2257624	n/a
1104.3515625	n/a	fixation_cross	312	2261712	n/a
1106.13916015625	n/a	animal_image	1	2265373	animals/bear_PNG23456.png
1107.13525390625	n/a	mask	701	2267413	n/a
1107.73974609375	n/a	blank_white_screen	705	2268651	n/a
1108.390625	n/a	animal_auditory_imagery_task	601	2269984	n/a
1113.40576171875	n/a	blank_white_screen	705	2280255	n/a
1115.3828125	n/a	blank_white_screen	705	2284304	n/a
1117.384765625	n/a	short_break	702	2288404	n/a
1147.37451171875	n/a	break_end	704	2349823	n/a
1153.23046875	n/a	block_start	300	2361816	n/a
1158.2333984375	n/a	fixation_cross	312	2372062	n/a
1160.0302734375	n/a	tool_image	1	2375742	tools/hammer_PNG1133.png
1161.03076171875	n/a	mask	701	2377791	n/a
1161.638671875	n/a	blank_white_screen	705	2379036	n/a
1162.3115234375	n/a	tool_auditory_imagery_task	601	2380414	n/a
1167.3056640625	n/a	blank_white_screen	705	2390642	n/a
1169.30810546875	n/a	fixation_cross	312	2394743	n/a
1170.32421875	n/a	animal_image	1	2396824	animals/cat_PNG50520.png
1171.32421875	n/a	mask	701	2398872	n/a
1171.92236328125	n/a	blank_white_screen	705	2400097	n/a
1172.49072265625	n/a	animal_auditory_imagery_task	601	2401261	n/a
1177.4912109375	n/a	blank_white_screen	705	2411502	n/a
1179.4873046875	n/a	fixation_cross	312	2415590	n/a
1180.705078125	n/a	animal_image	1	2418084	animals/sheep_PNG2718.png
1181.70166015625	n/a	mask	701	2420125	n/a
1182.3056640625	n/a	blank_white_screen	705	2421362	n/a
1182.931640625	n/a	animal_auditory_imagery_task	601	2422644	n/a
1187.9384765625	n/a	blank_white_screen	705	2432898	n/a
1189.92626953125	n/a	fixation_cross	312	2436969	n/a
1191.26611328125	n/a	animal_image	1	2439713	animals/cow_PNG50606.png
1192.26025390625	n/a	mask	701	2441749	n/a
1192.87646484375	n/a	blank_white_screen	705	2443011	n/a
1193.501953125	n/a	animal_auditory_imagery_task	601	2444292	n/a
1198.5224609375	n/a	blank_white_screen	705	2454574	n/a
1200.50927734375	n/a	fixation_cross	312	2458643	n/a
1202.4697265625	n/a	tool_image	1	2462658	tools/hand_saw_PNG9540.png
1203.47119140625	n/a	mask	701	2464709	n/a
1204.07275390625	n/a	blank_white_screen	705	2465941	n/a
1204.765625	n/a	tool_auditory_imagery_task	601	2467360	n/a
1209.7890625	n/a	blank_white_screen	705	2477648	n/a
1211.76904296875	n/a	fixation_cross	312	2481703	n/a
1213.35791015625	n/a	tool_image	1	2484957	tools/shovel_PNG7598.png
1214.359375	n/a	mask	701	2487008	n/a
1214.97216796875	n/a	blank_white_screen	705	2488263	n/a
1215.76611328125	n/a	tool_auditory_imagery_task	601	2489889	n/a
1220.77294921875	n/a	blank_white_screen	705	2500143	n/a
1222.7646484375	n/a	fixation_cross	312	2504222	n/a
1224.56396484375	n/a	tool_image	1	2507907	tools/phone_PNG48887.png
1225.57177734375	n/a	mask	701	2509971	n/a
1226.171875	n/a	blank_white_screen	705	2511200	n/a
1226.75537109375	n/a	tool_auditory_imagery_task	601	2512395	n/a
1231.77197265625	n/a	blank_white_screen	705	2522669	n/a
1233.75244140625	n/a	fixation_cross	312	2526725	n/a
1234.8466796875	n/a	animal_image	1	2528966	animals/sheep_PNG2718.png
1235.84130859375	n/a	mask	701	2531003	n/a
1236.45556640625	n/a	blank_white_screen	705	2532261	n/a
1237.27392578125	n/a	animal_auditory_imagery_task	601	2533937	n/a
1242.28857421875	n/a	blank_white_screen	705	2544207	n/a
1244.27392578125	n/a	fixation_cross	312	2548273	n/a
1245.3095703125	n/a	tool_image	1	2550394	tools/keyboard_PNG5858.png
1246.30615234375	n/a	mask	701	2552435	n/a
1246.9052734375	n/a	blank_white_screen	705	2553662	n/a
1247.77197265625	n/a	tool_auditory_imagery_task	601	2555437	n/a
1252.78857421875	n/a	blank_white_screen	705	2565711	n/a
1254.77197265625	n/a	fixation_cross	312	2569773	n/a
1255.8173828125	n/a	animal_image	1	2571914	animals/cock_PNG21.png
1256.81396484375	n/a	mask	701	2573955	n/a
1257.421875	n/a	blank_white_screen	705	2575200	n/a
1257.98828125	n/a	animal_auditory_imagery_task	601	2576360	n/a
1262.98876953125	n/a	blank_white_screen	705	2586601	n/a
1264.98291015625	n/a	fixation_cross	312	2590685	n/a
1266.5263671875	n/a	tool_image	1	2593846	tools/ax_PNG9104.png
1267.53076171875	n/a	mask	701	2595903	n/a
1268.1552734375	n/a	blank_white_screen	705	2597182	n/a
1269.0791015625	n/a	tool_auditory_imagery_task	601	2599074	n/a
1274.0888671875	n/a	blank_white_screen	705	2609334	n/a
1276.06591796875	n/a	fixation_cross	312	2613383	n/a
1277.4560546875	n/a	animal_image	1	2616230	animals/crow_PNG3114.png
1278.45654296875	n/a	mask	701	2618279	n/a
1279.07177734375	n/a	blank_white_screen	705	2619539	n/a
1279.73681640625	n/a	animal_auditory_imagery_task	601	2620901	n/a
1284.755859375	n/a	blank_white_screen	705	2631180	n/a
1286.73291015625	n/a	fixation_cross	312	2635229	n/a
1288.48681640625	n/a	animal_image	1	2638821	animals/owl_PNG26.png
1289.48388671875	n/a	mask	701	2640863	n/a
1290.08837890625	n/a	blank_white_screen	705	2642101	n/a
1290.71923828125	n/a	animal_auditory_imagery_task	601	2643393	n/a
1295.72265625	n/a	blank_white_screen	705	2653640	n/a
1297.71875	n/a	fixation_cross	312	2657728	n/a
1299.0078125	n/a	animal_image	1	2660368	animals/lion_PNG562.png
1300.00341796875	n/a	mask	701	2662407	n/a
1300.62353515625	n/a	blank_white_screen	705	2663677	n/a
1301.21484375	n/a	animal_auditory_imagery_task	601	2664888	n/a
1306.22216796875	n/a	blank_white_screen	705	2675143	n/a
1308.20849609375	n/a	fixation_cross	312	2679211	n/a
1309.36328125	n/a	tool_image	1	2681576	tools/computer_mouse_PNG7688.png
1310.36962890625	n/a	mask	701	2683637	n/a
1310.9716796875	n/a	blank_white_screen	705	2684870	n/a
1311.9677734375	n/a	tool_auditory_imagery_task	601	2686910	n/a
1316.9716796875	n/a	blank_white_screen	705	2697158	n/a
1318.96337890625	n/a	fixation_cross	312	2701237	n/a
1319.96826171875	n/a	animal_image	1	2703295	animals/bear_PNG23456.png
1320.96435546875	n/a	mask	701	2705335	n/a
1321.57177734375	n/a	blank_white_screen	705	2706579	n/a
1322.06103515625	n/a	animal_auditory_imagery_task	601	2707581	n/a
1327.07177734375	n/a	blank_white_screen	705	2717843	n/a
1329.052734375	n/a	fixation_cross	312	2721900	n/a
1330.517578125	n/a	tool_image	1	2724900	tools/pen_PNG7418.png
1331.5185546875	n/a	mask	701	2726950	n/a
1332.12158203125	n/a	blank_white_screen	705	2728185	n/a
1332.8076171875	n/a	tool_auditory_imagery_task	601	2729590	n/a
1337.82177734375	n/a	blank_white_screen	705	2739859	n/a
1339.794921875	n/a	fixation_cross	312	2743900	n/a
1340.94921875	n/a	tool_image	1	2746264	tools/bottle_opener_PNG24.png
1341.95654296875	n/a	mask	701	2748327	n/a
1342.55517578125	n/a	blank_white_screen	705	2749553	n/a
1343.3779296875	n/a	tool_auditory_imagery_task	601	2751238	n/a
1348.388671875	n/a	blank_white_screen	705	2761500	n/a
1350.3759765625	n/a	blank_white_screen	705	2765570	n/a
1352.369140625	n/a	short_break	702	2769652	n/a
1382.35595703125	n/a	break_end	704	2831065	n/a
1455.0439453125	n/a	block_start	300	2979930	n/a
1460.041015625	n/a	fixation_cross	312	2990164	n/a
1461.1259765625	n/a	animal_image	1	2992386	animals/pig_PNG2215.png
1462.125	n/a	mask	701	2994432	n/a
1462.73828125	n/a	blank_white_screen	705	2995688	n/a
1463.4375	n/a	animal_auditory_imagery_task	601	2997120	n/a
1468.45458984375	n/a	blank_white_screen	705	3007395	n/a
1470.4365234375	n/a	fixation_cross	312	3011454	n/a
1471.759765625	n/a	animal_image	1	3014164	animals/elephants_PNG18808.png
1472.75244140625	n/a	mask	701	3016197	n/a
1473.37158203125	n/a	blank_white_screen	705	3017465	n/a
1474.13671875	n/a	animal_auditory_imagery_task	601	3019032	n/a
1479.13818359375	n/a	blank_white_screen	705	3029275	n/a
1481.13330078125	n/a	fixation_cross	312	3033361	n/a
1482.73974609375	n/a	animal_image	1	3036651	animals/monkey_PNG18716.png
1483.744140625	n/a	mask	701	3038708	n/a
1484.35498046875	n/a	blank_white_screen	705	3039959	n/a
1485.2802734375	n/a	animal_auditory_imagery_task	601	3041854	n/a
1490.2880859375	n/a	blank_white_screen	705	3052110	n/a
1492.2666015625	n/a	fixation_cross	312	3056162	n/a
1494.240234375	n/a	tool_image	1	3060204	tools/phone_PNG48887.png
1495.2373046875	n/a	mask	701	3062246	n/a
1495.85498046875	n/a	blank_white_screen	705	3063511	n/a
1496.611328125	n/a	tool_auditory_imagery_task	601	3065060	n/a
1501.62158203125	n/a	blank_white_screen	705	3075321	n/a
1503.603515625	n/a	fixation_cross	312	3079380	n/a
1505.41943359375	n/a	animal_image	1	3083099	animals/donkey_PNG7.png
1506.41650390625	n/a	mask	701	3085141	n/a
1507.021484375	n/a	blank_white_screen	705	3086380	n/a
1507.90673828125	n/a	animal_auditory_imagery_task	601	3088193	n/a
1512.90625	n/a	blank_white_screen	705	3098432	n/a
1514.8984375	n/a	fixation_cross	312	3102512	n/a
1516.75634765625	n/a	animal_image	1	3106317	animals/lion_PNG562.png
1517.7646484375	n/a	mask	701	3108382	n/a
1518.38818359375	n/a	blank_white_screen	705	3109659	n/a
1519.08447265625	n/a	animal_auditory_imagery_task	601	3111085	n/a
1524.087890625	n/a	blank_white_screen	705	3121332	n/a
1526.083984375	n/a	fixation_cross	312	3125420	n/a
1528.0283203125	n/a	animal_image	1	3129402	animals/tiger_PNG23242.png
1529.0263671875	n/a	mask	701	3131446	n/a
1529.63818359375	n/a	blank_white_screen	705	3132699	n/a
1530.2275390625	n/a	animal_auditory_imagery_task	601	3133906	n/a
1535.23779296875	n/a	blank_white_screen	705	3144167	n/a
1537.22705078125	n/a	fixation_cross	312	3148241	n/a
1539.17041015625	n/a	animal_image	1	3152221	animals/elephants_PNG18808.png
1540.1650390625	n/a	mask	701	3154258	n/a
1540.7880859375	n/a	blank_white_screen	705	3155534	n/a
1541.30810546875	n/a	animal_auditory_imagery_task	601	3156599	n/a
1546.3046875	n/a	blank_white_screen	705	3166832	n/a
1548.29931640625	n/a	fixation_cross	312	3170917	n/a
1549.3876953125	n/a	tool_image	1	3173146	tools/ax_PNG9104.png
1550.37646484375	n/a	mask	701	3175171	n/a
1551.0048828125	n/a	blank_white_screen	705	3176458	n/a
1551.7998046875	n/a	tool_auditory_imagery_task	601	3178086	n/a
1556.8046875	n/a	blank_white_screen	705	3188336	n/a
1558.794921875	n/a	fixation_cross	312	3192412	n/a
1560.34814453125	n/a	tool_image	1	3195593	tools/bottle_opener_PNG24.png
1561.35107421875	n/a	mask	701	3197647	n/a
1561.95458984375	n/a	blank_white_screen	705	3198883	n/a
1562.4970703125	n/a	tool_auditory_imagery_task	601	3199994	n/a
1567.505859375	n/a	blank_white_screen	705	3210252	n/a
1569.484375	n/a	fixation_cross	312	3214304	n/a
1571.3232421875	n/a	tool_image	1	3218070	tools/toothbrash_PNG10557.png
1572.31787109375	n/a	mask	701	3220107	n/a
1572.93798828125	n/a	blank_white_screen	705	3221377	n/a
1573.46435546875	n/a	tool_auditory_imagery_task	601	3222455	n/a
1578.47216796875	n/a	blank_white_screen	705	3232711	n/a
1580.45166015625	n/a	fixation_cross	312	3236765	n/a
1582.15234375	n/a	animal_image	1	3240248	animals/frog_PNG35767.png
1583.15185546875	n/a	mask	701	3242295	n/a
1583.7880859375	n/a	blank_white_screen	705	3243598	n/a
1584.4072265625	n/a	animal_auditory_imagery_task	601	3244866	n/a
1589.40478515625	n/a	blank_white_screen	705	3255101	n/a
1591.4052734375	n/a	fixation_cross	312	3259198	n/a
1592.69873046875	n/a	animal_image	1	3261847	animals/owl_PNG26.png
1593.6962890625	n/a	mask	701	3263890	n/a
1594.3046875	n/a	blank_white_screen	705	3265136	n/a
1595.0244140625	n/a	animal_auditory_imagery_task	601	3266610	n/a
1600.0380859375	n/a	blank_white_screen	705	3276878	n/a
1602.01806640625	n/a	fixation_cross	312	3280933	n/a
1603.10595703125	n/a	tool_image	1	3283161	tools/shovel_PNG7598.png
1604.10595703125	n/a	mask	701	3285209	n/a
1604.72119140625	n/a	blank_white_screen	705	3286469	n/a
1605.2294921875	n/a	tool_auditory_imagery_task	601	3287510	n/a
1610.23779296875	n/a	blank_white_screen	705	3297767	n/a
1612.21533203125	n/a	fixation_cross	312	3301817	n/a
1614.04052734375	n/a	tool_image	1	3305555	tools/kettle_PNG8692.png
1615.04052734375	n/a	mask	701	3307603	n/a
1615.654296875	n/a	blank_white_screen	705	3308860	n/a
1616.46142578125	n/a	tool_auditory_imagery_task	601	3310513	n/a
1621.47119140625	n/a	blank_white_screen	705	3320773	n/a
1623.4580078125	n/a	fixation_cross	312	3324842	n/a
1625.43798828125	n/a	tool_image	1	3328897	tools/bottle_opener_PNG24.png
1626.4482421875	n/a	mask	701	3330966	n/a
1627.05859375	n/a	blank_white_screen	705	3332216	n/a
1627.91357421875	n/a	tool_auditory_imagery_task	601	3333967	n/a
1632.92138671875	n/a	blank_white_screen	705	3344223	n/a
1634.90869140625	n/a	fixation_cross	312	3348293	n/a
1636.0009765625	n/a	tool_image	1	3350530	tools/hand_saw_PNG9540.png
1636.99853515625	n/a	mask	701	3352573	n/a
1637.62109375	n/a	blank_white_screen	705	3353848	n/a
1638.57861328125	n/a	tool_auditory_imagery_task	601	3355809	n/a
1643.587890625	n/a	blank_white_screen	705	3366068	n/a
1645.5712890625	n/a	fixation_cross	312	3370130	n/a
1647.4638671875	n/a	tool_image	1	3374006	tools/phone_PNG48887.png
1648.46826171875	n/a	mask	701	3376063	n/a
1649.087890625	n/a	blank_white_screen	705	3377332	n/a
1649.61865234375	n/a	tool_auditory_imagery_task	601	3378419	n/a
1654.62158203125	n/a	blank_white_screen	705	3388665	n/a
1656.6171875	n/a	blank_white_screen	705	3392752	n/a
1658.60986328125	n/a	short_break	702	3396833	n/a
1688.5927734375	n/a	break_end	704	3458238	n/a
1698.71142578125	n/a	block_start	300	3478961	n/a
1703.71044921875	n/a	fixation_cross	312	3489199	n/a
1705.40478515625	n/a	tool_image	1	3492669	tools/pen_PNG7418.png
1706.4140625	n/a	mask	701	3494736	n/a
1707.02099609375	n/a	blank_white_screen	705	3495979	n/a
1707.56494140625	n/a	tool_auditory_imagery_task	601	3497093	n/a
1712.57080078125	n/a	blank_white_screen	705	3507345	n/a
1714.56640625	n/a	fixation_cross	312	3511432	n/a
1716.5380859375	n/a	tool_image	1	3515470	tools/microwave_PNG15726.png
1717.53271484375	n/a	mask	701	3517507	n/a
1718.154296875	n/a	blank_white_screen	705	3518780	n/a
1718.96240234375	n/a	tool_auditory_imagery_task	601	3520435	n/a
1723.970703125	n/a	blank_white_screen	705	3530692	n/a
1725.96337890625	n/a	fixation_cross	312	3534773	n/a
1727.4208984375	n/a	tool_image	1	3537758	tools/knife_PNG1516.png
1728.41845703125	n/a	mask	701	3539801	n/a
1729.03759765625	n/a	blank_white_screen	705	3541069	n/a
1729.67578125	n/a	tool_auditory_imagery_task	601	3542376	n/a
1734.6875	n/a	blank_white_screen	705	3552640	n/a
1736.68115234375	n/a	fixation_cross	312	3556723	n/a
1737.7890625	n/a	animal_image	1	3558992	animals/duck_PNG5028.png
1738.78662109375	n/a	mask	701	3561035	n/a
1739.404296875	n/a	blank_white_screen	705	3562300	n/a
1740.2177734375	n/a	animal_auditory_imagery_task	601	3563966	n/a
1745.22119140625	n/a	blank_white_screen	705	3574213	n/a
1747.2099609375	n/a	fixation_cross	312	3578286	n/a
1749.087890625	n/a	animal_image	1	3582132	animals/crab_PNG37.png
1750.087890625	n/a	mask	701	3584180	n/a
1750.70458984375	n/a	blank_white_screen	705	3585443	n/a
1751.4443359375	n/a	animal_auditory_imagery_task	601	3586958	n/a
1756.4541015625	n/a	blank_white_screen	705	3597218	n/a
1758.44482421875	n/a	fixation_cross	312	3601295	n/a
1760.01904296875	n/a	animal_image	1	3604519	animals/pig_PNG2215.png
1761.01708984375	n/a	mask	701	3606563	n/a
1761.62060546875	n/a	blank_white_screen	705	3607799	n/a
1762.21484375	n/a	animal_auditory_imagery_task	601	3609016	n/a
1767.220703125	n/a	blank_white_screen	705	3619268	n/a
1769.2119140625	n/a	fixation_cross	312	3623346	n/a
1771.0478515625	n/a	animal_image	1	3627106	animals/crow_PNG3114.png
1772.03955078125	n/a	mask	701	3629137	n/a
1772.65478515625	n/a	blank_white_screen	705	3630397	n/a
1773.62646484375	n/a	animal_auditory_imagery_task	601	3632387	n/a
1778.6376953125	n/a	blank_white_screen	705	3642650	n/a
1780.61669921875	n/a	fixation_cross	312	3646703	n/a
1782.5185546875	n/a	animal_image	1	3650598	animals/monkey_PNG18716.png
1783.52392578125	n/a	mask	701	3652657	n/a
1784.12060546875	n/a	blank_white_screen	705	3653879	n/a
1784.89453125	n/a	animal_auditory_imagery_task	601	3655464	n/a
1789.904296875	n/a	blank_white_screen	705	3665724	n/a
1791.8828125	n/a	fixation_cross	312	3669776	n/a
1793.3046875	n/a	animal_image	1	3672688	animals/elephants_PNG18808.png
1794.302734375	n/a	mask	701	3674732	n/a
1794.9208984375	n/a	blank_white_screen	705	3675998	n/a
1795.814453125	n/a	animal_auditory_imagery_task	601	3677828	n/a
1800.82080078125	n/a	blank_white_screen	705	3688081	n/a
1802.80615234375	n/a	fixation_cross	312	3692147	n/a
1804.583984375	n/a	tool_image	1	3695788	tools/kettle_PNG8692.png
1805.583984375	n/a	mask	701	3697836	n/a
1806.1875	n/a	blank_white_screen	705	3699072	n/a
1806.83642578125	n/a	tool_auditory_imagery_task	601	3700401	n/a
1811.83740234375	n/a	blank_white_screen	705	3710643	n/a
1813.8310546875	n/a	fixation_cross	312	3714726	n/a
1815.6005859375	n/a	tool_image	1	3718350	tools/vacuum_cleaner_PNG56.png
1816.59912109375	n/a	mask	701	3720395	n/a
1817.2041015625	n/a	blank_white_screen	705	3721634	n/a
1817.734375	n/a	tool_auditory_imagery_task	601	3722720	n/a
1822.73681640625	n/a	blank_white_screen	705	3732965	n/a
1824.73193359375	n/a	fixation_cross	312	3737051	n/a
1826.13818359375	n/a	tool_image	1	3739931	tools/chain_saw_PNG18513.png
1827.13427734375	n/a	mask	701	3741971	n/a
1827.7373046875	n/a	blank_white_screen	705	3743206	n/a
1828.33349609375	n/a	tool_auditory_imagery_task	601	3744427	n/a
1833.35400390625	n/a	blank_white_screen	705	3754709	n/a
1835.3310546875	n/a	fixation_cross	312	3758758	n/a
1836.64794921875	n/a	tool_image	1	3761455	tools/corkscrew_PNG43.png
1837.64697265625	n/a	mask	701	3763501	n/a
1838.25390625	n/a	blank_white_screen	705	3764744	n/a
1839.052734375	n/a	tool_auditory_imagery_task	601	3766380	n/a
1844.05615234375	n/a	blank_white_screen	705	3776627	n/a
1846.0419921875	n/a	fixation_cross	312	3780694	n/a
1847.12744140625	n/a	tool_image	1	3782917	tools/scissors_PNG28.png
1848.12109375	n/a	mask	701	3784952	n/a
1848.7373046875	n/a	blank_white_screen	705	3786214	n/a
1849.337890625	n/a	tool_auditory_imagery_task	601	3787444	n/a
1854.35400390625	n/a	blank_white_screen	705	3797717	n/a
1856.337890625	n/a	fixation_cross	312	3801780	n/a
1857.7763671875	n/a	tool_image	1	3804726	tools/microwave_PNG15726.png
1858.7734375	n/a	mask	701	3806768	n/a
1859.38818359375	n/a	blank_white_screen	705	3808027	n/a
1860.25634765625	n/a	tool_auditory_imagery_task	601	3809805	n/a
1865.2705078125	n/a	blank_white_screen	705	3820074	n/a
1867.25634765625	n/a	fixation_cross	312	3824141	n/a
1868.31689453125	n/a	animal_image	1	3826313	animals/cock_PNG21.png
1869.31884765625	n/a	mask	701	3828365	n/a
1869.92041015625	n/a	blank_white_screen	705	3829597	n/a
1870.74658203125	n/a	animal_auditory_imagery_task	601	3831289	n/a
1875.7705078125	n/a	blank_white_screen	705	3841578	n/a
1877.7451171875	n/a	fixation_cross	312	3845622	n/a
1878.9326171875	n/a	animal_image	1	3848054	animals/crow_PNG3114.png
1879.92919921875	n/a	mask	701	3850095	n/a
1880.537109375	n/a	blank_white_screen	705	3851340	n/a
1881.29052734375	n/a	animal_auditory_imagery_task	601	3852883	n/a
1886.30419921875	n/a	blank_white_screen	705	3863151	n/a
1888.28955078125	n/a	fixation_cross	312	3867217	n/a
1889.97119140625	n/a	animal_image	1	3870661	animals/frog_PNG35767.png
1890.9765625	n/a	mask	701	3872720	n/a
1891.58740234375	n/a	blank_white_screen	705	3873971	n/a
1892.2587890625	n/a	animal_auditory_imagery_task	601	3875346	n/a
1897.2705078125	n/a	blank_white_screen	705	3885610	n/a
1899.255859375	n/a	blank_white_screen	705	3889676	n/a
1901.2666015625	n/a	short_break	702	3893794	n/a
1931.25048828125	n/a	break_end	704	3955201	n/a
1935.52099609375	n/a	block_start	300	3963947	n/a
1940.51953125	n/a	fixation_cross	312	3974184	n/a
1942.17724609375	n/a	tool_image	1	3977579	tools/broom_PNG58.png
1943.1767578125	n/a	mask	701	3979626	n/a
1943.787109375	n/a	blank_white_screen	705	3980876	n/a
1944.5234375	n/a	tool_auditory_imagery_task	601	3982384	n/a
1949.537109375	n/a	blank_white_screen	705	3992652	n/a
1951.51806640625	n/a	fixation_cross	312	3996709	n/a
1953.33203125	n/a	tool_image	1	4000424	tools/shovel_PNG7598.png
1954.328125	n/a	mask	701	4002464	n/a
1954.93701171875	n/a	blank_white_screen	705	4003711	n/a
1955.86865234375	n/a	tool_auditory_imagery_task	601	4005619	n/a
1960.88720703125	n/a	blank_white_screen	705	4015897	n/a
1962.865234375	n/a	fixation_cross	312	4019948	n/a
1964.5341796875	n/a	animal_image	1	4023366	animals/pig_PNG2215.png
1965.5322265625	n/a	mask	701	4025410	n/a
1966.15380859375	n/a	blank_white_screen	705	4026683	n/a
1967.01171875	n/a	animal_auditory_imagery_task	601	4028440	n/a
1972.0205078125	n/a	blank_white_screen	705	4038698	n/a
1974.00732421875	n/a	fixation_cross	312	4042767	n/a
1976.0048828125	n/a	tool_image	1	4046858	tools/hand_saw_PNG9540.png
1977.00537109375	n/a	mask	701	4048907	n/a
1977.6044921875	n/a	blank_white_screen	705	4050134	n/a
1978.2216796875	n/a	tool_auditory_imagery_task	601	4051398	n/a
1983.22021484375	n/a	blank_white_screen	705	4061635	n/a
1985.20703125	n/a	fixation_cross	312	4065704	n/a
1986.888671875	n/a	animal_image	1	4069148	animals/snake_PNG4053.png
1987.884765625	n/a	mask	701	4071188	n/a
1988.4873046875	n/a	blank_white_screen	705	4072422	n/a
1989.3544921875	n/a	animal_auditory_imagery_task	601	4074198	n/a
1994.3701171875	n/a	blank_white_screen	705	4084470	n/a
1996.35009765625	n/a	fixation_cross	312	4088525	n/a
1998.09619140625	n/a	tool_image	1	4092101	tools/vacuum_cleaner_PNG56.png
1999.09814453125	n/a	mask	701	4094153	n/a
1999.72021484375	n/a	blank_white_screen	705	4095427	n/a
2000.61376953125	n/a	tool_auditory_imagery_task	601	4097257	n/a
2005.6201171875	n/a	blank_white_screen	705	4107510	n/a
2007.60791015625	n/a	fixation_cross	312	4111581	n/a
2009.46484375	n/a	animal_image	1	4115384	animals/duck_PNG5028.png
2010.47412109375	n/a	mask	701	4117451	n/a
2011.0869140625	n/a	blank_white_screen	705	4118706	n/a
2011.70068359375	n/a	animal_auditory_imagery_task	601	4119963	n/a
2016.70361328125	n/a	blank_white_screen	705	4130209	n/a
2018.68798828125	n/a	fixation_cross	312	4134273	n/a
2019.99462890625	n/a	tool_image	1	4136949	tools/kettle_PNG8692.png
2020.99365234375	n/a	mask	701	4138995	n/a
2021.603515625	n/a	blank_white_screen	705	4140244	n/a
2022.474609375	n/a	tool_auditory_imagery_task	601	4142028	n/a
2027.48681640625	n/a	blank_white_screen	705	4152293	n/a
2029.47119140625	n/a	fixation_cross	312	4156357	n/a
2030.86279296875	n/a	tool_image	1	4159207	tools/chain_saw_PNG18513.png
2031.85498046875	n/a	mask	701	4161239	n/a
2032.47021484375	n/a	blank_white_screen	705	4162499	n/a
2033.00341796875	n/a	tool_auditory_imagery_task	601	4163591	n/a
2038.00341796875	n/a	blank_white_screen	705	4173831	n/a
2039.99853515625	n/a	fixation_cross	312	4177917	n/a
2041.81884765625	n/a	tool_image	1	4181645	tools/knife_PNG1516.png
2042.8134765625	n/a	mask	701	4183682	n/a
2043.43701171875	n/a	blank_white_screen	705	4184959	n/a
2044.3818359375	n/a	tool_auditory_imagery_task	601	4186894	n/a
2049.38671875	n/a	blank_white_screen	705	4197144	n/a
2051.38037109375	n/a	fixation_cross	312	4201227	n/a
2052.88037109375	n/a	animal_image	1	4204299	animals/owl_PNG26.png
2053.87744140625	n/a	mask	701	4206341	n/a
2054.48681640625	n/a	blank_white_screen	705	4207589	n/a
2055.07080078125	n/a	animal_auditory_imagery_task	601	4208785	n/a
2060.07080078125	n/a	blank_white_screen	705	4219025	n/a
2062.056640625	n/a	fixation_cross	312	4223092	n/a
2063.205078125	n/a	tool_image	1	4225444	tools/shovel_PNG7598.png
2064.205078125	n/a	mask	701	4227492	n/a
2064.8203125	n/a	blank_white_screen	705	4228752	n/a
2065.65234375	n/a	tool_auditory_imagery_task	601	4230456	n/a
2070.6533203125	n/a	blank_white_screen	705	4240698	n/a
2072.6484375	n/a	fixation_cross	312	4244784	n/a
2073.90625	n/a	animal_image	1	4247360	animals/cat_PNG50520.png
2074.9140625	n/a	mask	701	4249424	n/a
2075.52001953125	n/a	blank_white_screen	705	4250665	n/a
2076.14501953125	n/a	animal_auditory_imagery_task	601	4251945	n/a
2081.1533203125	n/a	blank_white_screen	705	4262202	n/a
2083.138671875	n/a	fixation_cross	312	4266268	n/a
2084.87646484375	n/a	animal_image	1	4269827	animals/owl_PNG26.png
2085.87548828125	n/a	mask	701	4271873	n/a
2086.48681640625	n/a	blank_white_screen	705	4273125	n/a
2087.0439453125	n/a	animal_auditory_imagery_task	601	4274266	n/a
2092.056640625	n/a	blank_white_screen	705	4284532	n/a
2094.04345703125	n/a	fixation_cross	312	4288601	n/a
2095.38232421875	n/a	animal_image	1	4291343	animals/sheep_PNG2718.png
2096.38330078125	n/a	mask	701	4293393	n/a
2096.98681640625	n/a	blank_white_screen	705	4294629	n/a
2097.87890625	n/a	animal_auditory_imagery_task	601	4296456	n/a
2102.88671875	n/a	blank_white_screen	705	4306712	n/a
2104.87646484375	n/a	fixation_cross	312	4310787	n/a
2105.876953125	n/a	animal_image	1	4312836	animals/donkey_PNG7.png
2106.875	n/a	mask	701	4314880	n/a
2107.48681640625	n/a	blank_white_screen	705	4316133	n/a
2108.236328125	n/a	animal_auditory_imagery_task	601	4317668	n/a
2113.23681640625	n/a	blank_white_screen	705	4327909	n/a
2115.2353515625	n/a	fixation_cross	312	4332002	n/a
2117.12158203125	n/a	animal_image	1	4335865	animals/tiger_PNG23242.png
2118.11962890625	n/a	mask	701	4337909	n/a
2118.73681640625	n/a	blank_white_screen	705	4339173	n/a
2119.607421875	n/a	animal_auditory_imagery_task	601	4340956	n/a
2124.6201171875	n/a	blank_white_screen	705	4351222	n/a
2126.59375	n/a	fixation_cross	312	4355264	n/a
2127.87353515625	n/a	tool_image	1	4357885	tools/broom_PNG58.png
2128.873046875	n/a	mask	701	4359932	n/a
2129.48681640625	n/a	blank_white_screen	705	4361189	n/a
2130.333984375	n/a	tool_auditory_imagery_task	601	4362924	n/a
2135.3369140625	n/a	blank_white_screen	705	4373170	n/a
2137.32568359375	n/a	blank_white_screen	705	4377243	n/a
2139.32763671875	n/a	long_break	703	4381343	n/a
2319.22412109375	n/a	break_end	704	4749771	n/a
2374.15478515625	n/a	block_start	300	4862269	n/a
2379.15283203125	n/a	fixation_cross	312	4872505	n/a
2380.5146484375	n/a	tool_image	1	4875294	tools/keyboard_PNG5858.png
2381.505859375	n/a	mask	701	4877324	n/a
2382.11962890625	n/a	blank_white_screen	705	4878581	n/a
2382.78076171875	n/a	tool_auditory_imagery_task	601	4879935	n/a
2387.7861328125	n/a	blank_white_screen	705	4890186	n/a
2389.7685546875	n/a	fixation_cross	312	4894246	n/a
2390.85009765625	n/a	animal_image	1	4896461	animals/frog_PNG35767.png
2391.84521484375	n/a	mask	701	4898499	n/a
2392.46923828125	n/a	blank_white_screen	705	4899777	n/a
2392.982421875	n/a	animal_auditory_imagery_task	601	4900828	n/a
2398.0029296875	n/a	blank_white_screen	705	4911110	n/a
2399.98193359375	n/a	fixation_cross	312	4915163	n/a
2401.91943359375	n/a	tool_image	1	4919131	tools/kettle_PNG8692.png
2402.91748046875	n/a	mask	701	4921175	n/a
2403.51904296875	n/a	blank_white_screen	705	4922407	n/a
2404.4814453125	n/a	tool_auditory_imagery_task	601	4924378	n/a
2409.5029296875	n/a	blank_white_screen	705	4934662	n/a
2411.484375	n/a	fixation_cross	312	4938720	n/a
2412.6044921875	n/a	animal_image	1	4941014	animals/snake_PNG4053.png
2413.6005859375	n/a	mask	701	4943054	n/a
2414.20263671875	n/a	blank_white_screen	705	4944287	n/a
2414.77001953125	n/a	animal_auditory_imagery_task	601	4945449	n/a
2419.7861328125	n/a	blank_white_screen	705	4955722	n/a
2421.77197265625	n/a	fixation_cross	312	4959789	n/a
2423.740234375	n/a	tool_image	1	4963820	tools/broom_PNG58.png
2424.73681640625	n/a	mask	701	4965861	n/a
2425.3359375	n/a	blank_white_screen	705	4967088	n/a
2425.888671875	n/a	tool_auditory_imagery_task	601	4968220	n/a
2430.90283203125	n/a	blank_white_screen	705	4978489	n/a
2432.8896484375	n/a	fixation_cross	312	4982558	n/a
2434.12158203125	n/a	tool_image	1	4985081	tools/scissors_PNG28.png
2435.11962890625	n/a	mask	701	4987125	n/a
2435.71923828125	n/a	blank_white_screen	705	4988353	n/a
2436.5615234375	n/a	tool_auditory_imagery_task	601	4990078	n/a
2441.5693359375	n/a	blank_white_screen	705	5000334	n/a
2443.54833984375	n/a	fixation_cross	312	5004387	n/a
2444.658203125	n/a	animal_image	1	5006660	animals/owl_PNG26.png
2445.66162109375	n/a	mask	701	5008715	n/a
2446.26904296875	n/a	blank_white_screen	705	5009959	n/a
2447.232421875	n/a	animal_auditory_imagery_task	601	5011932	n/a
2452.25244140625	n/a	blank_white_screen	705	5022213	n/a
2454.23583984375	n/a	fixation_cross	312	5026275	n/a
2455.28076171875	n/a	animal_image	1	5028415	animals/cat_PNG50520.png
2456.28466796875	n/a	mask	701	5030471	n/a
2456.8857421875	n/a	blank_white_screen	705	5031702	n/a
2457.82861328125	n/a	animal_auditory_imagery_task	601	5033633	n/a
2462.8359375	n/a	blank_white_screen	705	5043888	n/a
2464.82861328125	n/a	fixation_cross	312	5047969	n/a
2466.44970703125	n/a	tool_image	1	5051289	tools/phone_PNG48887.png
2467.4423828125	n/a	mask	701	5053322	n/a
2468.0546875	n/a	blank_white_screen	705	5054576	n/a
2468.83740234375	n/a	tool_auditory_imagery_task	601	5056179	n/a
2473.853515625	n/a	blank_white_screen	705	5066452	n/a
2475.830078125	n/a	fixation_cross	312	5070500	n/a
2477.388671875	n/a	tool_image	1	5073692	tools/microwave_PNG15726.png
2478.3876953125	n/a	mask	701	5075738	n/a
2479.01904296875	n/a	blank_white_screen	705	5077031	n/a
2479.5185546875	n/a	tool_auditory_imagery_task	601	5078054	n/a
2484.5361328125	n/a	blank_white_screen	705	5088330	n/a
2486.51708984375	n/a	fixation_cross	312	5092387	n/a
2487.73291015625	n/a	animal_image	1	5094877	animals/bear_PNG23456.png
2488.73486328125	n/a	mask	701	5096929	n/a
2489.3525390625	n/a	blank_white_screen	705	5098194	n/a
2489.966796875	n/a	animal_auditory_imagery_task	601	5099452	n/a
2494.96923828125	n/a	blank_white_screen	705	5109697	n/a
2496.96435546875	n/a	fixation_cross	312	5113783	n/a
2498.2373046875	n/a	tool_image	1	5116390	tools/scissors_PNG28.png
2499.2470703125	n/a	mask	701	5118458	n/a
2499.83544921875	n/a	blank_white_screen	705	5119663	n/a
2500.7705078125	n/a	tool_auditory_imagery_task	601	5121578	n/a
2505.76904296875	n/a	blank_white_screen	705	5131815	n/a
2507.7626953125	n/a	fixation_cross	312	5135898	n/a
2509.32373046875	n/a	animal_image	1	5139095	animals/monkey_PNG18716.png
2510.3232421875	n/a	mask	701	5141142	n/a
2510.93603515625	n/a	blank_white_screen	705	5142397	n/a
2511.916015625	n/a	animal_auditory_imagery_task	601	5144404	n/a
2516.93603515625	n/a	blank_white_screen	705	5154685	n/a
2518.91455078125	n/a	fixation_cross	312	5158737	n/a
2520.037109375	n/a	animal_image	1	5161036	animals/snake_PNG4053.png
2521.04345703125	n/a	mask	701	5163097	n/a
2521.65234375	n/a	blank_white_screen	705	5164344	n/a
2522.5185546875	n/a	animal_auditory_imagery_task	601	5166118	n/a
2527.53564453125	n/a	blank_white_screen	705	5176393	n/a
2529.52490234375	n/a	fixation_cross	312	5180467	n/a
2530.58837890625	n/a	animal_image	1	5182645	animals/dog_PNG50396.png
2531.58251953125	n/a	mask	701	5184681	n/a
2532.2041015625	n/a	blank_white_screen	705	5185954	n/a
2532.9833984375	n/a	animal_auditory_imagery_task	601	5187550	n/a
2538.00244140625	n/a	blank_white_screen	705	5197829	n/a
2539.98046875	n/a	fixation_cross	312	5201880	n/a
2541.66552734375	n/a	tool_image	1	5205331	tools/vacuum_cleaner_PNG56.png
2542.6650390625	n/a	mask	701	5207378	n/a
2543.28564453125	n/a	blank_white_screen	705	5208649	n/a
2544.05908203125	n/a	tool_auditory_imagery_task	601	5210233	n/a
2549.06884765625	n/a	blank_white_screen	705	5220493	n/a
2551.0478515625	n/a	fixation_cross	312	5224546	n/a
2552.3720703125	n/a	tool_image	1	5227258	tools/toothbrash_PNG10557.png
2553.36865234375	n/a	mask	701	5229299	n/a
2553.98583984375	n/a	blank_white_screen	705	5230563	n/a
2554.83056640625	n/a	tool_auditory_imagery_task	601	5232293	n/a
2559.83544921875	n/a	blank_white_screen	705	5242543	n/a
2561.82763671875	n/a	fixation_cross	312	5246623	n/a
2563.38525390625	n/a	animal_image	1	5249813	animals/crab_PNG37.png
2564.384765625	n/a	mask	701	5251860	n/a
2564.9853515625	n/a	blank_white_screen	705	5253090	n/a
2565.80712890625	n/a	animal_auditory_imagery_task	601	5254773	n/a
2570.81884765625	n/a	blank_white_screen	705	5265037	n/a
2572.80224609375	n/a	blank_white_screen	705	5269099	n/a
2574.8076171875	n/a	short_break	702	5273206	n/a
2604.78076171875	n/a	break_end	704	5334591	n/a
2607.97802734375	n/a	block_start	300	5341139	n/a
2612.97021484375	n/a	fixation_cross	312	5351363	n/a
2614.12548828125	n/a	tool_image	1	5353729	tools/scissors_PNG28.png
2615.12451171875	n/a	mask	701	5355775	n/a
2615.71875	n/a	blank_white_screen	705	5356992	n/a
2616.5068359375	n/a	tool_auditory_imagery_task	601	5358606	n/a
2621.51904296875	n/a	blank_white_screen	705	5368871	n/a
2623.49365234375	n/a	fixation_cross	312	5372915	n/a
2625.4267578125	n/a	animal_image	1	5376874	animals/crab_PNG37.png
2626.4384765625	n/a	mask	701	5378946	n/a
2627.05224609375	n/a	blank_white_screen	705	5380203	n/a
2627.5400390625	n/a	animal_auditory_imagery_task	601	5381202	n/a
2632.53564453125	n/a	blank_white_screen	705	5391433	n/a
2634.5400390625	n/a	fixation_cross	312	5395538	n/a
2635.9306640625	n/a	tool_image	1	5398386	tools/ax_PNG9104.png
2636.9228515625	n/a	mask	701	5400418	n/a
2637.53564453125	n/a	blank_white_screen	705	5401673	n/a
2638.26513671875	n/a	tool_auditory_imagery_task	601	5403167	n/a
2643.28564453125	n/a	blank_white_screen	705	5413449	n/a
2645.26318359375	n/a	fixation_cross	312	5417499	n/a
2646.59130859375	n/a	animal_image	1	5420219	animals/lion_PNG562.png
2647.591796875	n/a	mask	701	5422268	n/a
2648.2021484375	n/a	blank_white_screen	705	5423518	n/a
2648.765625	n/a	animal_auditory_imagery_task	601	5424672	n/a
2653.7685546875	n/a	blank_white_screen	705	5434918	n/a
2655.75390625	n/a	fixation_cross	312	5438984	n/a
2657.462890625	n/a	tool_image	1	5442484	tools/corkscrew_PNG43.png
2658.462890625	n/a	mask	701	5444532	n/a
2659.06884765625	n/a	blank_white_screen	705	5445773	n/a
2659.9541015625	n/a	tool_auditory_imagery_task	601	5447586	n/a
2664.9697265625	n/a	blank_white_screen	705	5457858	n/a
2666.9501953125	n/a	fixation_cross	312	5461914	n/a
2668.87060546875	n/a	animal_image	1	5465847	animals/frog_PNG35767.png
2669.86767578125	n/a	mask	701	5467889	n/a
2670.46875	n/a	blank_white_screen	705	5469120	n/a
2671.37109375	n/a	animal_auditory_imagery_task	601	5470968	n/a
2676.38525390625	n/a	blank_white_screen	705	5481237	n/a
2678.37060546875	n/a	fixation_cross	312	5485303	n/a
2680.048828125	n/a	animal_image	1	5488740	animals/elephants_PNG18808.png
2681.06103515625	n/a	mask	701	5490813	n/a
2681.6689453125	n/a	blank_white_screen	705	5492058	n/a
2682.5224609375	n/a	animal_auditory_imagery_task	601	5493806	n/a
2687.53515625	n/a	blank_white_screen	705	5504072	n/a
2689.5185546875	n/a	fixation_cross	312	5508134	n/a
2691.26513671875	n/a	tool_image	1	5511711	tools/broom_PNG58.png
2692.265625	n/a	mask	701	5513760	n/a
2692.86865234375	n/a	blank_white_screen	705	5514995	n/a
2693.654296875	n/a	tool_auditory_imagery_task	601	5516604	n/a
2698.66845703125	n/a	blank_white_screen	705	5526873	n/a
2700.650390625	n/a	fixation_cross	312	5530932	n/a
2702.53125	n/a	tool_image	1	5534784	tools/hand_saw_PNG9540.png
2703.5283203125	n/a	mask	701	5536826	n/a
2704.15185546875	n/a	blank_white_screen	705	5538103	n/a
2704.69482421875	n/a	tool_auditory_imagery_task	601	5539215	n/a
2709.7021484375	n/a	blank_white_screen	705	5549470	n/a
2711.6875	n/a	fixation_cross	312	5553536	n/a
2712.79638671875	n/a	animal_image	1	5555807	animals/sheep_PNG2718.png
2713.80322265625	n/a	mask	701	5557869	n/a
2714.40185546875	n/a	blank_white_screen	705	5559095	n/a
2715.39013671875	n/a	animal_auditory_imagery_task	601	5561119	n/a
2720.40185546875	n/a	blank_white_screen	705	5571383	n/a
2722.3837890625	n/a	fixation_cross	312	5575442	n/a
2723.880859375	n/a	animal_image	1	5578508	animals/owl_PNG26.png
2724.8828125	n/a	mask	701	5580560	n/a
2725.501953125	n/a	blank_white_screen	705	5581828	n/a
2726.310546875	n/a	animal_auditory_imagery_task	601	5583484	n/a
2731.31884765625	n/a	blank_white_screen	705	5593741	n/a
2733.302734375	n/a	fixation_cross	312	5597804	n/a
2734.78662109375	n/a	animal_image	1	5600843	animals/dog_PNG50396.png
2735.7958984375	n/a	mask	701	5602910	n/a
2736.40185546875	n/a	blank_white_screen	705	5604151	n/a
2737.36376953125	n/a	animal_auditory_imagery_task	601	5606121	n/a
2742.36865234375	n/a	blank_white_screen	705	5616371	n/a
2744.35595703125	n/a	fixation_cross	312	5620441	n/a
2746.2060546875	n/a	tool_image	1	5624230	tools/toothbrash_PNG10557.png
2747.19921875	n/a	mask	701	5626264	n/a
2747.8017578125	n/a	blank_white_screen	705	5627498	n/a
2748.77587890625	n/a	tool_auditory_imagery_task	601	5629493	n/a
2753.78515625	n/a	blank_white_screen	705	5639752	n/a
2755.779296875	n/a	fixation_cross	312	5643836	n/a
2757.107421875	n/a	animal_image	1	5646556	animals/snake_PNG4053.png
2758.1064453125	n/a	mask	701	5648602	n/a
2758.71875	n/a	blank_white_screen	705	5649856	n/a
2759.5703125	n/a	animal_auditory_imagery_task	601	5651600	n/a
2764.58544921875	n/a	blank_white_screen	705	5661871	n/a
2766.5654296875	n/a	fixation_cross	312	5665926	n/a
2767.99853515625	n/a	tool_image	1	5668861	tools/hammer_PNG1133.png
2769.00634765625	n/a	mask	701	5670925	n/a
2769.6015625	n/a	blank_white_screen	705	5672144	n/a
2770.2158203125	n/a	tool_auditory_imagery_task	601	5673402	n/a
2775.2353515625	n/a	blank_white_screen	705	5683682	n/a
2777.21630859375	n/a	fixation_cross	312	5687739	n/a
2778.90576171875	n/a	animal_image	1	5691199	animals/lion_PNG562.png
2779.90185546875	n/a	mask	701	5693239	n/a
2780.5185546875	n/a	blank_white_screen	705	5694502	n/a
2781.03955078125	n/a	animal_auditory_imagery_task	601	5695569	n/a
2786.05224609375	n/a	blank_white_screen	705	5705835	n/a
2788.04150390625	n/a	fixation_cross	312	5709909	n/a
2789.4736328125	n/a	tool_image	1	5712842	tools/chain_saw_PNG18513.png
2790.46875	n/a	mask	701	5714880	n/a
2791.068359375	n/a	blank_white_screen	705	5716108	n/a
2791.59375	n/a	tool_auditory_imagery_task	601	5717184	n/a
2796.6015625	n/a	blank_white_screen	705	5727440	n/a
2798.59326171875	n/a	fixation_cross	312	5731519	n/a
2799.654296875	n/a	tool_image	1	5733692	tools/ax_PNG9104.png
2800.6552734375	n/a	mask	701	5735742	n/a
2801.25146484375	n/a	blank_white_screen	705	5736963	n/a
2802.21142578125	n/a	tool_auditory_imagery_task	601	5738929	n/a
2807.21826171875	n/a	blank_white_screen	705	5749183	n/a
2809.20703125	n/a	blank_white_screen	705	5753256	n/a
2811.2080078125	n/a	short_break	702	5757354	n/a
2841.19775390625	n/a	break_end	704	5818773	n/a
2844.740234375	n/a	block_start	300	5826028	n/a
2849.740234375	n/a	fixation_cross	312	5836268	n/a
2851.25	n/a	animal_image	1	5839360	animals/duck_PNG5028.png
2852.24609375	n/a	mask	701	5841400	n/a
2852.8681640625	n/a	blank_white_screen	705	5842674	n/a
2853.62451171875	n/a	animal_auditory_imagery_task	601	5844223	n/a
2858.63525390625	n/a	blank_white_screen	705	5854485	n/a
2860.6240234375	n/a	fixation_cross	312	5858558	n/a
2862.4599609375	n/a	animal_image	1	5862318	animals/frog_PNG35767.png
2863.458984375	n/a	mask	701	5864364	n/a
2864.068359375	n/a	blank_white_screen	705	5865612	n/a
2864.8388671875	n/a	animal_auditory_imagery_task	601	5867190	n/a
2869.85595703125	n/a	blank_white_screen	705	5877465	n/a
2871.83544921875	n/a	fixation_cross	312	5881519	n/a
2873.14404296875	n/a	tool_image	1	5884199	tools/scissors_PNG28.png
2874.1396484375	n/a	mask	701	5886238	n/a
2874.75146484375	n/a	blank_white_screen	705	5887491	n/a
2875.4853515625	n/a	tool_auditory_imagery_task	601	5888994	n/a
2880.48583984375	n/a	blank_white_screen	705	5899235	n/a
2882.48388671875	n/a	fixation_cross	312	5903327	n/a
2884.3232421875	n/a	animal_image	1	5907094	animals/crow_PNG3114.png
2885.3232421875	n/a	mask	701	5909142	n/a
2885.93505859375	n/a	blank_white_screen	705	5910395	n/a
2886.66650390625	n/a	animal_auditory_imagery_task	601	5911893	n/a
2891.66796875	n/a	blank_white_screen	705	5922136	n/a
2893.6640625	n/a	fixation_cross	312	5926224	n/a
2894.67724609375	n/a	tool_image	1	5928299	tools/bottle_opener_PNG24.png
2895.677734375	n/a	mask	701	5930348	n/a
2896.28466796875	n/a	blank_white_screen	705	5931591	n/a
2897.1962890625	n/a	tool_auditory_imagery_task	601	5933458	n/a
2902.20166015625	n/a	blank_white_screen	705	5943709	n/a
2904.18603515625	n/a	fixation_cross	312	5947773	n/a
2905.81103515625	n/a	tool_image	1	5951101	tools/hammer_PNG1133.png
2906.80859375	n/a	mask	701	5953144	n/a
2907.4345703125	n/a	blank_white_screen	705	5954426	n/a
2908.30029296875	n/a	tool_auditory_imagery_task	601	5956199	n/a
2913.30126953125	n/a	blank_white_screen	705	5966441	n/a
2915.28662109375	n/a	fixation_cross	312	5970507	n/a
2916.57275390625	n/a	animal_image	1	5973141	animals/snake_PNG4053.png
2917.56689453125	n/a	mask	701	5975177	n/a
2918.20166015625	n/a	blank_white_screen	705	5976477	n/a
2918.6865234375	n/a	animal_auditory_imagery_task	601	5977470	n/a
2923.6845703125	n/a	blank_white_screen	705	5987706	n/a
2925.6728515625	n/a	fixation_cross	312	5991778	n/a
2927.48974609375	n/a	tool_image	1	5995499	tools/computer_mouse_PNG7688.png
2928.48486328125	n/a	mask	701	5997537	n/a
2929.0849609375	n/a	blank_white_screen	705	5998766	n/a
2930.06787109375	n/a	tool_auditory_imagery_task	601	6000779	n/a
2935.068359375	n/a	blank_white_screen	705	6011020	n/a
2937.0634765625	n/a	fixation_cross	312	6015106	n/a
2938.67822265625	n/a	tool_image	1	6018413	tools/phone_PNG48887.png
2939.68017578125	n/a	mask	701	6020465	n/a
2940.28466796875	n/a	blank_white_screen	705	6021703	n/a
2941.10693359375	n/a	tool_auditory_imagery_task	601	6023387	n/a
2946.1181640625	n/a	blank_white_screen	705	6033650	n/a
2948.10205078125	n/a	fixation_cross	312	6037713	n/a
2949.380859375	n/a	tool_image	1	6040332	tools/kettle_PNG8692.png
2950.37255859375	n/a	mask	701	6042363	n/a
2950.98486328125	n/a	blank_white_screen	705	6043617	n/a
2951.87841796875	n/a	tool_auditory_imagery_task	601	6045447	n/a
2956.884765625	n/a	blank_white_screen	705	6055700	n/a
2958.87890625	n/a	fixation_cross	312	6059784	n/a
2960.26708984375	n/a	tool_image	1	6062627	tools/hammer_PNG1133.png
2961.26220703125	n/a	mask	701	6064665	n/a
2961.8681640625	n/a	blank_white_screen	705	6065906	n/a
2962.4990234375	n/a	tool_auditory_imagery_task	601	6067198	n/a
2967.50146484375	n/a	blank_white_screen	705	6077443	n/a
2969.49560546875	n/a	fixation_cross	312	6081527	n/a
2971.25732421875	n/a	animal_image	1	6085135	animals/pig_PNG2215.png
2972.26025390625	n/a	mask	701	6087189	n/a
2972.8681640625	n/a	blank_white_screen	705	6088434	n/a
2973.54150390625	n/a	animal_auditory_imagery_task	601	6089813	n/a
2978.55126953125	n/a	blank_white_screen	705	6100073	n/a
2980.53857421875	n/a	fixation_cross	312	6104143	n/a
2982.32763671875	n/a	animal_image	1	6107807	animals/duck_PNG5028.png
2983.3232421875	n/a	mask	701	6109846	n/a
2983.9345703125	n/a	blank_white_screen	705	6111098	n/a
2984.8271484375	n/a	animal_auditory_imagery_task	601	6112926	n/a
2989.8515625	n/a	blank_white_screen	705	6123216	n/a
2991.82958984375	n/a	fixation_cross	312	6127267	n/a
2993.1826171875	n/a	animal_image	1	6130038	animals/dog_PNG50396.png
2994.17724609375	n/a	mask	701	6132075	n/a
2994.78466796875	n/a	blank_white_screen	705	6133319	n/a
2995.6298828125	n/a	animal_auditory_imagery_task	601	6135050	n/a
3000.6513671875	n/a	blank_white_screen	705	6145334	n/a
3002.6376953125	n/a	fixation_cross	312	6149402	n/a
3004.1025390625	n/a	tool_image	1	6152402	tools/broom_PNG58.png
3005.09912109375	n/a	mask	701	6154443	n/a
3005.7177734375	n/a	blank_white_screen	705	6155710	n/a
3006.59521484375	n/a	tool_auditory_imagery_task	601	6157507	n/a
3011.6015625	n/a	blank_white_screen	705	6167760	n/a
3013.5908203125	n/a	fixation_cross	312	6171834	n/a
3015.08935546875	n/a	tool_image	1	6174903	tools/kettle_PNG8692.png
3016.08984375	n/a	mask	701	6176952	n/a
3016.701171875	n/a	blank_white_screen	705	6178204	n/a
3017.23193359375	n/a	tool_auditory_imagery_task	601	6179291	n/a
3022.234375	n/a	blank_white_screen	705	6189536	n/a
3024.22216796875	n/a	fixation_cross	312	6193607	n/a
3026.1669921875	n/a	animal_image	1	6197590	animals/cow_PNG50606.png
3027.1630859375	n/a	mask	701	6199630	n/a
3027.7861328125	n/a	blank_white_screen	705	6200906	n/a
3028.6591796875	n/a	animal_auditory_imagery_task	601	6202694	n/a
3033.66796875	n/a	blank_white_screen	705	6212952	n/a
3035.65966796875	n/a	fixation_cross	312	6217031	n/a
3037.63623046875	n/a	animal_image	1	6221079	animals/cock_PNG21.png
3038.64501953125	n/a	mask	701	6223145	n/a
3039.2509765625	n/a	blank_white_screen	705	6224386	n/a
3039.861328125	n/a	animal_auditory_imagery_task	601	6225636	n/a
3044.86767578125	n/a	blank_white_screen	705	6235889	n/a
3046.8515625	n/a	blank_white_screen	705	6239952	n/a
3048.84912109375	n/a	short_break	702	6244043	n/a
3078.83642578125	n/a	break_end	704	6305457	n/a
3086.81787109375	n/a	block_start	300	6321803	n/a
3091.81396484375	n/a	fixation_cross	312	6332035	n/a
3093.568359375	n/a	animal_image	1	6335628	animals/monkey_PNG18716.png
3094.5615234375	n/a	mask	701	6337662	n/a
3095.16748046875	n/a	blank_white_screen	705	6338903	n/a
3095.9287109375	n/a	animal_auditory_imagery_task	601	6340462	n/a
3100.93408203125	n/a	blank_white_screen	705	6350713	n/a
3102.9306640625	n/a	fixation_cross	312	6354802	n/a
3104.20654296875	n/a	tool_image	1	6357415	tools/toothbrash_PNG10557.png
3105.20751953125	n/a	mask	701	6359465	n/a
3105.81787109375	n/a	blank_white_screen	705	6360715	n/a
3106.62744140625	n/a	tool_auditory_imagery_task	601	6362373	n/a
3111.63623046875	n/a	blank_white_screen	705	6372631	n/a
3113.62890625	n/a	fixation_cross	312	6376712	n/a
3115.5205078125	n/a	animal_image	1	6380586	animals/cat_PNG50520.png
3116.51318359375	n/a	mask	701	6382619	n/a
3117.13427734375	n/a	blank_white_screen	705	6383891	n/a
3117.6298828125	n/a	animal_auditory_imagery_task	601	6384906	n/a
3122.63427734375	n/a	blank_white_screen	705	6395155	n/a
3124.6279296875	n/a	fixation_cross	312	6399238	n/a
3126.1171875	n/a	tool_image	1	6402288	tools/microwave_PNG15726.png
3127.12109375	n/a	mask	701	6404344	n/a
3127.734375	n/a	blank_white_screen	705	6405600	n/a
3128.2421875	n/a	tool_auditory_imagery_task	601	6406640	n/a
3133.2509765625	n/a	blank_white_screen	705	6416898	n/a
3135.2421875	n/a	fixation_cross	312	6420976	n/a
3136.5712890625	n/a	animal_image	1	6423698	animals/donkey_PNG7.png
3137.5634765625	n/a	mask	701	6425730	n/a
3138.16748046875	n/a	blank_white_screen	705	6426967	n/a
3138.8623046875	n/a	animal_auditory_imagery_task	601	6428390	n/a
3143.86767578125	n/a	blank_white_screen	705	6438641	n/a
3145.86328125	n/a	fixation_cross	312	6442728	n/a
3147.03564453125	n/a	tool_image	1	6445129	tools/keyboard_PNG5858.png
3148.02783203125	n/a	mask	701	6447161	n/a
3148.65087890625	n/a	blank_white_screen	705	6448437	n/a
3149.13330078125	n/a	tool_auditory_imagery_task	601	6449425	n/a
3154.15087890625	n/a	blank_white_screen	705	6459701	n/a
3156.1416015625	n/a	fixation_cross	312	6463778	n/a
3158.03564453125	n/a	tool_image	1	6467657	tools/chain_saw_PNG18513.png
3159.0361328125	n/a	mask	701	6469706	n/a
3159.634765625	n/a	blank_white_screen	705	6470932	n/a
3160.5029296875	n/a	tool_auditory_imagery_task	601	6472710	n/a
3165.517578125	n/a	blank_white_screen	705	6482980	n/a
3167.5048828125	n/a	fixation_cross	312	6487050	n/a
3169.23388671875	n/a	tool_image	1	6490591	tools/vacuum_cleaner_PNG56.png
3170.23388671875	n/a	mask	701	6492639	n/a
3170.833984375	n/a	blank_white_screen	705	6493868	n/a
3171.34228515625	n/a	tool_auditory_imagery_task	601	6494909	n/a
3176.35107421875	n/a	blank_white_screen	705	6505167	n/a
3178.34521484375	n/a	fixation_cross	312	6509251	n/a
3179.9169921875	n/a	animal_image	1	6512470	animals/crab_PNG37.png
3180.916015625	n/a	mask	701	6514516	n/a
3181.517578125	n/a	blank_white_screen	705	6515748	n/a
3182.1962890625	n/a	animal_auditory_imagery_task	601	6517138	n/a
3187.20068359375	n/a	blank_white_screen	705	6527387	n/a
3189.18994140625	n/a	fixation_cross	312	6531461	n/a
3190.36181640625	n/a	animal_image	1	6533861	animals/snake_PNG4053.png
3191.35986328125	n/a	mask	701	6535905	n/a
3191.9677734375	n/a	blank_white_screen	705	6537150	n/a
3192.52587890625	n/a	animal_auditory_imagery_task	601	6538293	n/a
3197.517578125	n/a	blank_white_screen	705	6548516	n/a
3199.5107421875	n/a	fixation_cross	312	6552598	n/a
3201.28125	n/a	animal_image	1	6556224	animals/frog_PNG35767.png
3202.27490234375	n/a	mask	701	6558259	n/a
3202.88427734375	n/a	blank_white_screen	705	6559507	n/a
3203.72900390625	n/a	animal_auditory_imagery_task	601	6561237	n/a
3208.734375	n/a	blank_white_screen	705	6571488	n/a
3210.7236328125	n/a	fixation_cross	312	6575562	n/a
3212.45849609375	n/a	tool_image	1	6579115	tools/pen_PNG7418.png
3213.45849609375	n/a	mask	701	6581163	n/a
3214.0673828125	n/a	blank_white_screen	705	6582410	n/a
3214.73876953125	n/a	tool_auditory_imagery_task	601	6583785	n/a
3219.7509765625	n/a	blank_white_screen	705	6594050	n/a
3221.73876953125	n/a	fixation_cross	312	6598121	n/a
3222.89501953125	n/a	animal_image	1	6600489	animals/crow_PNG3114.png
3223.89306640625	n/a	mask	701	6602533	n/a
3224.5009765625	n/a	blank_white_screen	705	6603778	n/a
3225.25146484375	n/a	animal_auditory_imagery_task	601	6605315	n/a
3230.2509765625	n/a	blank_white_screen	705	6615554	n/a
3232.251953125	n/a	fixation_cross	312	6619652	n/a
3234.02880859375	n/a	tool_image	1	6623291	tools/scissors_PNG28.png
3235.0244140625	n/a	mask	701	6625330	n/a
3235.63427734375	n/a	blank_white_screen	705	6626579	n/a
3236.58203125	n/a	tool_auditory_imagery_task	601	6628520	n/a
3241.6005859375	n/a	blank_white_screen	705	6638798	n/a
3243.58740234375	n/a	fixation_cross	312	6642867	n/a
3245.005859375	n/a	animal_image	1	6645772	animals/crab_PNG37.png
3246.0068359375	n/a	mask	701	6647822	n/a
3246.6171875	n/a	blank_white_screen	705	6649072	n/a
3247.193359375	n/a	animal_auditory_imagery_task	601	6650252	n/a
3252.20068359375	n/a	blank_white_screen	705	6660507	n/a
3254.18701171875	n/a	fixation_cross	312	6664575	n/a
3255.775390625	n/a	tool_image	1	6667828	tools/microwave_PNG15726.png
3256.7763671875	n/a	mask	701	6669878	n/a
3257.38427734375	n/a	blank_white_screen	705	6671123	n/a
3258.23291015625	n/a	tool_auditory_imagery_task	601	6672861	n/a
3263.23388671875	n/a	blank_white_screen	705	6683103	n/a
3265.224609375	n/a	fixation_cross	312	6687180	n/a
3267.021484375	n/a	tool_image	1	6690860	tools/shovel_PNG7598.png
3268.02099609375	n/a	mask	701	6692907	n/a
3268.6337890625	n/a	blank_white_screen	705	6694162	n/a
3269.4248046875	n/a	tool_auditory_imagery_task	601	6695782	n/a
3274.43408203125	n/a	blank_white_screen	705	6706041	n/a
3276.42626953125	n/a	fixation_cross	312	6710121	n/a
3278.2705078125	n/a	animal_image	1	6713898	animals/cow_PNG50606.png
3279.2685546875	n/a	mask	701	6715942	n/a
3279.88427734375	n/a	blank_white_screen	705	6717203	n/a
3280.49658203125	n/a	animal_auditory_imagery_task	601	6718457	n/a
3285.50048828125	n/a	blank_white_screen	705	6728705	n/a
3287.4912109375	n/a	blank_white_screen	705	6732782	n/a
3289.49658203125	n/a	short_break	702	6736889	n/a
3319.46728515625	n/a	break_end	704	6798269	n/a
3356.42529296875	n/a	block_start	300	6873959	n/a
3361.4208984375	n/a	fixation_cross	312	6884190	n/a
3362.875	n/a	animal_image	1	6887168	animals/duck_PNG5028.png
3363.875	n/a	mask	701	6889216	n/a
3364.48388671875	n/a	blank_white_screen	705	6890463	n/a
3365.0126953125	n/a	animal_auditory_imagery_task	601	6891546	n/a
3370.01708984375	n/a	blank_white_screen	705	6901795	n/a
3372.0048828125	n/a	fixation_cross	312	6905866	n/a
3373.93115234375	n/a	animal_image	1	6909811	animals/donkey_PNG7.png
3374.927734375	n/a	mask	701	6911852	n/a
3375.53369140625	n/a	blank_white_screen	705	6913093	n/a
3376.12841796875	n/a	animal_auditory_imagery_task	601	6914311	n/a
3381.1337890625	n/a	blank_white_screen	705	6924562	n/a
3383.12939453125	n/a	fixation_cross	312	6928649	n/a
3384.57470703125	n/a	animal_image	1	6931609	animals/crab_PNG37.png
3385.57373046875	n/a	mask	701	6933655	n/a
3386.18359375	n/a	blank_white_screen	705	6934904	n/a
3387.13916015625	n/a	animal_auditory_imagery_task	601	6936861	n/a
3392.1513671875	n/a	blank_white_screen	705	6947126	n/a
3394.13818359375	n/a	fixation_cross	312	6951195	n/a
3395.16748046875	n/a	tool_image	1	6953303	tools/knife_PNG1516.png
3396.162109375	n/a	mask	701	6955340	n/a
3396.76708984375	n/a	blank_white_screen	705	6956579	n/a
3397.6328125	n/a	tool_auditory_imagery_task	601	6958352	n/a
3402.6337890625	n/a	blank_white_screen	705	6968594	n/a
3404.6240234375	n/a	fixation_cross	312	6972670	n/a
3405.7724609375	n/a	animal_image	1	6975022	animals/bear_PNG23456.png
3406.7724609375	n/a	mask	701	6977070	n/a
3407.3837890625	n/a	blank_white_screen	705	6978322	n/a
3408.21630859375	n/a	animal_auditory_imagery_task	601	6980027	n/a
3413.23388671875	n/a	blank_white_screen	705	6990303	n/a
3415.21484375	n/a	fixation_cross	312	6994360	n/a
3416.5087890625	n/a	tool_image	1	6997010	tools/pen_PNG7418.png
3417.5166015625	n/a	mask	701	6999074	n/a
3418.1337890625	n/a	blank_white_screen	705	7000338	n/a
3418.67822265625	n/a	tool_auditory_imagery_task	601	7001453	n/a
3423.68359375	n/a	blank_white_screen	705	7011704	n/a
3425.671875	n/a	fixation_cross	312	7015776	n/a
3426.7197265625	n/a	tool_image	1	7017922	tools/knife_PNG1516.png
3427.72216796875	n/a	mask	701	7019975	n/a
3428.33349609375	n/a	blank_white_screen	705	7021227	n/a
3429.0947265625	n/a	tool_auditory_imagery_task	601	7022786	n/a
3434.10009765625	n/a	blank_white_screen	705	7033037	n/a
3436.09326171875	n/a	fixation_cross	312	7037119	n/a
3437.93505859375	n/a	tool_image	1	7040891	tools/corkscrew_PNG43.png
3438.93603515625	n/a	mask	701	7042941	n/a
3439.55029296875	n/a	blank_white_screen	705	7044199	n/a
3440.12841796875	n/a	tool_auditory_imagery_task	601	7045383	n/a
3445.1337890625	n/a	blank_white_screen	705	7055634	n/a
3447.12158203125	n/a	fixation_cross	312	7059705	n/a
3448.20361328125	n/a	tool_image	1	7061921	tools/kettle_PNG8692.png
3449.1943359375	n/a	mask	701	7063950	n/a
3449.80029296875	n/a	blank_white_screen	705	7065191	n/a
3450.60791015625	n/a	tool_auditory_imagery_task	601	7066845	n/a
3455.60009765625	n/a	blank_white_screen	705	7077069	n/a
3457.59521484375	n/a	fixation_cross	312	7081155	n/a
3459.201171875	n/a	tool_image	1	7084444	tools/shovel_PNG7598.png
3460.20361328125	n/a	mask	701	7086497	n/a
3460.80029296875	n/a	blank_white_screen	705	7087719	n/a
3461.4677734375	n/a	tool_auditory_imagery_task	601	7089086	n/a
3466.48388671875	n/a	blank_white_screen	705	7099359	n/a
3468.46728515625	n/a	fixation_cross	312	7103421	n/a
3469.9453125	n/a	tool_image	1	7106448	tools/computer_mouse_PNG7688.png
3470.95556640625	n/a	mask	701	7108517	n/a
3471.56689453125	n/a	blank_white_screen	705	7109769	n/a
3472.23193359375	n/a	tool_auditory_imagery_task	601	7111131	n/a
3477.2333984375	n/a	blank_white_screen	705	7121374	n/a
3479.22265625	n/a	fixation_cross	312	7125448	n/a
3480.28076171875	n/a	animal_image	1	7127615	animals/donkey_PNG7.png
3481.2861328125	n/a	mask	701	7129674	n/a
3481.900390625	n/a	blank_white_screen	705	7130932	n/a
3482.611328125	n/a	animal_auditory_imagery_task	601	7132388	n/a
3487.61767578125	n/a	blank_white_screen	705	7142641	n/a
3489.60888671875	n/a	fixation_cross	312	7146719	n/a
3491.3095703125	n/a	animal_image	1	7150202	animals/crab_PNG37.png
3492.314453125	n/a	mask	701	7152260	n/a
3492.9169921875	n/a	blank_white_screen	705	7153494	n/a
3493.69775390625	n/a	animal_auditory_imagery_task	601	7155093	n/a
3498.7001953125	n/a	blank_white_screen	705	7165338	n/a
3500.6875	n/a	fixation_cross	312	7169408	n/a
3502.18359375	n/a	tool_image	1	7172472	tools/keyboard_PNG5858.png
3503.1767578125	n/a	mask	701	7174506	n/a
3503.78369140625	n/a	blank_white_screen	705	7175749	n/a
3504.30029296875	n/a	tool_auditory_imagery_task	601	7176807	n/a
3509.31689453125	n/a	blank_white_screen	705	7187081	n/a
3511.2958984375	n/a	fixation_cross	312	7191134	n/a
3512.7744140625	n/a	animal_image	1	7194162	animals/sheep_PNG2718.png
3513.76904296875	n/a	mask	701	7196199	n/a
3514.3837890625	n/a	blank_white_screen	705	7197458	n/a
3514.91015625	n/a	animal_auditory_imagery_task	601	7198536	n/a
3519.9169921875	n/a	blank_white_screen	705	7208790	n/a
3521.9072265625	n/a	fixation_cross	312	7212866	n/a
3522.998046875	n/a	animal_image	1	7215100	animals/tiger_PNG23242.png
3524.00048828125	n/a	mask	701	7217153	n/a
3524.61669921875	n/a	blank_white_screen	705	7218415	n/a
3525.58984375	n/a	animal_auditory_imagery_task	601	7220408	n/a
3530.60009765625	n/a	blank_white_screen	705	7230669	n/a
3532.58740234375	n/a	fixation_cross	312	7234739	n/a
3534.50341796875	n/a	tool_image	1	7238663	tools/knife_PNG1516.png
3535.5	n/a	mask	701	7240704	n/a
3536.11669921875	n/a	blank_white_screen	705	7241967	n/a
3536.63232421875	n/a	tool_auditory_imagery_task	601	7243023	n/a
3541.63330078125	n/a	blank_white_screen	705	7253265	n/a
3543.62744140625	n/a	fixation_cross	312	7257349	n/a
3544.71630859375	n/a	animal_image	1	7259579	animals/bear_PNG23456.png
3545.71240234375	n/a	mask	701	7261619	n/a
3546.31787109375	n/a	blank_white_screen	705	7262859	n/a
3546.8828125	n/a	animal_auditory_imagery_task	601	7264016	n/a
3551.900390625	n/a	blank_white_screen	705	7274292	n/a
3553.87646484375	n/a	blank_white_screen	705	7278339	n/a
3555.8828125	n/a	short_break	702	7282448	n/a
3585.857421875	n/a	break_end	704	7343836	n/a
3596.28369140625	n/a	block_start	300	7365189	n/a
3601.283203125	n/a	fixation_cross	312	7375428	n/a
3602.57421875	n/a	animal_image	1	7378072	animals/tiger_PNG23242.png
3603.5732421875	n/a	mask	701	7380118	n/a
3604.18359375	n/a	blank_white_screen	705	7381368	n/a
3605.15234375	n/a	animal_auditory_imagery_task	601	7383352	n/a
3610.14990234375	n/a	blank_white_screen	705	7393587	n/a
3612.138671875	n/a	fixation_cross	312	7397660	n/a
3613.49658203125	n/a	animal_image	1	7400441	animals/monkey_PNG18716.png
3614.48828125	n/a	mask	701	7402472	n/a
3615.10009765625	n/a	blank_white_screen	705	7403725	n/a
3615.60009765625	n/a	animal_auditory_imagery_task	601	7404749	n/a
3620.60009765625	n/a	blank_white_screen	705	7414989	n/a
3622.59228515625	n/a	fixation_cross	312	7419069	n/a
3624.32373046875	n/a	animal_image	1	7422615	animals/bear_PNG23456.png
3625.32177734375	n/a	mask	701	7424659	n/a
3625.93310546875	n/a	blank_white_screen	705	7425911	n/a
3626.43212890625	n/a	animal_auditory_imagery_task	601	7426933	n/a
3631.44970703125	n/a	blank_white_screen	705	7437209	n/a
3633.42626953125	n/a	fixation_cross	312	7441257	n/a
3635.18994140625	n/a	tool_image	1	7444869	tools/hand_saw_PNG9540.png
3636.185546875	n/a	mask	701	7446908	n/a
3636.7998046875	n/a	blank_white_screen	705	7448166	n/a
3637.45166015625	n/a	tool_auditory_imagery_task	601	7449501	n/a
3642.44970703125	n/a	blank_white_screen	705	7459737	n/a
3644.435546875	n/a	fixation_cross	312	7463804	n/a
3646.26318359375	n/a	animal_image	1	7467547	animals/cat_PNG50520.png
3647.267578125	n/a	mask	701	7469604	n/a
3647.86669921875	n/a	blank_white_screen	705	7470831	n/a
3648.82421875	n/a	animal_auditory_imagery_task	601	7472792	n/a
3653.8369140625	n/a	blank_white_screen	705	7483058	n/a
3655.82373046875	n/a	fixation_cross	312	7487127	n/a
3656.88720703125	n/a	animal_image	1	7489305	animals/lion_PNG562.png
3657.8916015625	n/a	mask	701	7491362	n/a
3658.5	n/a	blank_white_screen	705	7492608	n/a
3659.4599609375	n/a	animal_auditory_imagery_task	601	7494574	n/a
3664.46630859375	n/a	blank_white_screen	705	7504827	n/a
3666.46240234375	n/a	fixation_cross	312	7508915	n/a
3667.59716796875	n/a	animal_image	1	7511239	animals/tiger_PNG23242.png
3668.5986328125	n/a	mask	701	7513290	n/a
3669.19970703125	n/a	blank_white_screen	705	7514521	n/a
3669.9423828125	n/a	animal_auditory_imagery_task	601	7516042	n/a
3674.94970703125	n/a	blank_white_screen	705	7526297	n/a
3676.9365234375	n/a	fixation_cross	312	7530366	n/a
3678.11962890625	n/a	animal_image	1	7532789	animals/cow_PNG50606.png
3679.11865234375	n/a	mask	701	7534835	n/a
3679.73291015625	n/a	blank_white_screen	705	7536093	n/a
3680.5947265625	n/a	animal_auditory_imagery_task	601	7537858	n/a
3685.599609375	n/a	blank_white_screen	705	7548108	n/a
3687.59033203125	n/a	fixation_cross	312	7552185	n/a
3689.00634765625	n/a	tool_image	1	7555085	tools/chain_saw_PNG18513.png
3690.0029296875	n/a	mask	701	7557126	n/a
3690.6162109375	n/a	blank_white_screen	705	7558382	n/a
3691.1240234375	n/a	tool_auditory_imagery_task	601	7559422	n/a
3696.1328125	n/a	blank_white_screen	705	7569680	n/a
3698.12841796875	n/a	fixation_cross	312	7573767	n/a
3699.49365234375	n/a	tool_image	1	7576563	tools/computer_mouse_PNG7688.png
3700.48828125	n/a	mask	701	7578600	n/a
3701.099609375	n/a	blank_white_screen	705	7579852	n/a
3701.6328125	n/a	tool_auditory_imagery_task	601	7580944	n/a
3706.63330078125	n/a	blank_white_screen	705	7591185	n/a
3708.61865234375	n/a	fixation_cross	312	7595251	n/a
3709.63818359375	n/a	tool_image	1	7597339	tools/ax_PNG9104.png
3710.634765625	n/a	mask	701	7599380	n/a
3711.24951171875	n/a	blank_white_screen	705	7600639	n/a
3711.80859375	n/a	tool_auditory_imagery_task	601	7601784	n/a
3716.81640625	n/a	blank_white_screen	705	7612040	n/a
3718.8017578125	n/a	fixation_cross	312	7616106	n/a
3720.04150390625	n/a	animal_image	1	7618645	animals/cock_PNG21.png
3721.0390625	n/a	mask	701	7620688	n/a
3721.64990234375	n/a	blank_white_screen	705	7621939	n/a
3722.50390625	n/a	animal_auditory_imagery_task	601	7623688	n/a
3727.5166015625	n/a	blank_white_screen	705	7633954	n/a
3729.5009765625	n/a	fixation_cross	312	7638018	n/a
3730.94580078125	n/a	tool_image	1	7640977	tools/hammer_PNG1133.png
3731.9453125	n/a	mask	701	7643024	n/a
3732.5498046875	n/a	blank_white_screen	705	7644262	n/a
3733.28759765625	n/a	tool_auditory_imagery_task	601	7645773	n/a
3738.28271484375	n/a	blank_white_screen	705	7656003	n/a
3740.2724609375	n/a	fixation_cross	312	7660078	n/a
3742.19384765625	n/a	tool_image	1	7664013	tools/shovel_PNG7598.png
3743.19482421875	n/a	mask	701	7666063	n/a
3743.7998046875	n/a	blank_white_screen	705	7667302	n/a
3744.509765625	n/a	tool_auditory_imagery_task	601	7668756	n/a
3749.5166015625	n/a	blank_white_screen	705	7679010	n/a
3751.49560546875	n/a	fixation_cross	312	7683063	n/a
3752.658203125	n/a	tool_image	1	7685444	tools/pen_PNG7418.png
3753.65185546875	n/a	mask	701	7687479	n/a
3754.2666015625	n/a	blank_white_screen	705	7688738	n/a
3755.0869140625	n/a	tool_auditory_imagery_task	601	7690418	n/a
3760.099609375	n/a	blank_white_screen	705	7700684	n/a
3762.091796875	n/a	fixation_cross	312	7704764	n/a
3763.89794921875	n/a	animal_image	1	7708463	animals/snake_PNG4053.png
3764.89697265625	n/a	mask	701	7710509	n/a
3765.49951171875	n/a	blank_white_screen	705	7711743	n/a
3766.30322265625	n/a	animal_auditory_imagery_task	601	7713389	n/a
3771.31640625	n/a	blank_white_screen	705	7723656	n/a
3773.30859375	n/a	fixation_cross	312	7727736	n/a
3774.80126953125	n/a	tool_image	1	7730793	tools/toothbrash_PNG10557.png
3775.7978515625	n/a	mask	701	7732834	n/a
3776.43310546875	n/a	blank_white_screen	705	7734135	n/a
3776.99462890625	n/a	tool_auditory_imagery_task	601	7735285	n/a
3782.01611328125	n/a	blank_white_screen	705	7745569	n/a
3783.99462890625	n/a	fixation_cross	312	7749621	n/a
3785.08837890625	n/a	tool_image	1	7751861	tools/phone_PNG48887.png
3786.08984375	n/a	mask	701	7753912	n/a
3786.71630859375	n/a	blank_white_screen	705	7755195	n/a
3787.6337890625	n/a	tool_auditory_imagery_task	601	7757074	n/a
3792.6494140625	n/a	blank_white_screen	705	7767346	n/a
3794.63232421875	n/a	blank_white_screen	705	7771407	n/a
3796.6298828125	n/a	short_break	702	7775498	n/a
3826.60986328125	n/a	break_end	704	7836897	n/a
3849.21728515625	n/a	block_start	300	7883197	n/a
3854.2177734375	n/a	fixation_cross	312	7893438	n/a
3855.25048828125	n/a	animal_image	1	7895553	animals/cat_PNG50520.png
3856.2529296875	n/a	mask	701	7897606	n/a
3856.8662109375	n/a	blank_white_screen	705	7898862	n/a
3857.4833984375	n/a	animal_auditory_imagery_task	601	7900126	n/a
3862.49951171875	n/a	blank_white_screen	705	7910399	n/a
3864.48193359375	n/a	fixation_cross	312	7914459	n/a
3865.78759765625	n/a	animal_image	1	7917133	animals/frog_PNG35767.png
3866.79443359375	n/a	mask	701	7919195	n/a
3867.3994140625	n/a	blank_white_screen	705	7920434	n/a
3868.0263671875	n/a	animal_auditory_imagery_task	601	7921718	n/a
3873.03271484375	n/a	blank_white_screen	705	7931971	n/a
3875.02734375	n/a	fixation_cross	312	7936056	n/a
3876.05517578125	n/a	tool_image	1	7938161	tools/hammer_PNG1133.png
3877.0498046875	n/a	mask	701	7940198	n/a
3877.6494140625	n/a	blank_white_screen	705	7941426	n/a
3878.62353515625	n/a	tool_auditory_imagery_task	601	7943421	n/a
3883.6328125	n/a	blank_white_screen	705	7953680	n/a
3885.625	n/a	fixation_cross	312	7957760	n/a
3887.58984375	n/a	animal_image	1	7961784	animals/dog_PNG50396.png
3888.5888671875	n/a	mask	701	7963830	n/a
3889.19921875	n/a	blank_white_screen	705	7965080	n/a
3889.92431640625	n/a	animal_auditory_imagery_task	601	7966565	n/a
3894.9326171875	n/a	blank_white_screen	705	7976822	n/a
3896.9208984375	n/a	fixation_cross	312	7980894	n/a
3898.80908203125	n/a	animal_image	1	7984761	animals/cow_PNG50606.png
3899.80615234375	n/a	mask	701	7986803	n/a
3900.416015625	n/a	blank_white_screen	705	7988052	n/a
3901.12890625	n/a	animal_auditory_imagery_task	601	7989512	n/a
3906.1494140625	n/a	blank_white_screen	705	7999794	n/a
3908.12353515625	n/a	fixation_cross	312	8003837	n/a
3909.76806640625	n/a	tool_image	1	8007205	tools/chain_saw_PNG18513.png
3910.76513671875	n/a	mask	701	8009247	n/a
3911.36572265625	n/a	blank_white_screen	705	8010477	n/a
3911.87646484375	n/a	tool_auditory_imagery_task	601	8011523	n/a
3916.8828125	n/a	blank_white_screen	705	8021776	n/a
3918.87451171875	n/a	fixation_cross	312	8025855	n/a
3920.244140625	n/a	animal_image	1	8028660	animals/lion_PNG562.png
3921.2392578125	n/a	mask	701	8030698	n/a
3921.84912109375	n/a	blank_white_screen	705	8031947	n/a
3922.39111328125	n/a	animal_auditory_imagery_task	601	8033057	n/a
3927.3994140625	n/a	blank_white_screen	705	8043314	n/a
3929.39013671875	n/a	fixation_cross	312	8047391	n/a
3931.2412109375	n/a	tool_image	1	8051182	tools/vacuum_cleaner_PNG56.png
3932.23583984375	n/a	mask	701	8053219	n/a
3932.849609375	n/a	blank_white_screen	705	8054476	n/a
3933.40234375	n/a	tool_auditory_imagery_task	601	8055608	n/a
3938.3994140625	n/a	blank_white_screen	705	8065842	n/a
3940.39697265625	n/a	fixation_cross	312	8069933	n/a
3942.2353515625	n/a	animal_image	1	8073698	animals/duck_PNG5028.png
3943.22802734375	n/a	mask	701	8075731	n/a
3943.84912109375	n/a	blank_white_screen	705	8077003	n/a
3944.384765625	n/a	animal_auditory_imagery_task	601	8078100	n/a
3949.3994140625	n/a	blank_white_screen	705	8088370	n/a
3951.380859375	n/a	fixation_cross	312	8092428	n/a
3952.62109375	n/a	tool_image	1	8094968	tools/broom_PNG58.png
3953.61767578125	n/a	mask	701	8097009	n/a
3954.2158203125	n/a	blank_white_screen	705	8098234	n/a
3955.10498046875	n/a	tool_auditory_imagery_task	601	8100055	n/a
3960.11572265625	n/a	blank_white_screen	705	8110317	n/a
3962.09423828125	n/a	fixation_cross	312	8114369	n/a
3963.92626953125	n/a	animal_image	1	8118121	animals/elephants_PNG18808.png
3964.92236328125	n/a	mask	701	8120161	n/a
3965.53271484375	n/a	blank_white_screen	705	8121411	n/a
3966.14013671875	n/a	animal_auditory_imagery_task	601	8122655	n/a
3971.1494140625	n/a	blank_white_screen	705	8132914	n/a
3973.1357421875	n/a	fixation_cross	312	8136982	n/a
3974.400390625	n/a	tool_image	1	8139572	tools/hand_saw_PNG9540.png
3975.400390625	n/a	mask	701	8141620	n/a
3976.015625	n/a	blank_white_screen	705	8142880	n/a
3976.7880859375	n/a	tool_auditory_imagery_task	601	8144462	n/a
3981.79931640625	n/a	blank_white_screen	705	8154725	n/a
3983.78955078125	n/a	fixation_cross	312	8158801	n/a
3984.81884765625	n/a	animal_image	1	8160909	animals/duck_PNG5028.png
3985.81298828125	n/a	mask	701	8162945	n/a
3986.41552734375	n/a	blank_white_screen	705	8164179	n/a
3986.93701171875	n/a	animal_auditory_imagery_task	601	8165247	n/a
3991.94921875	n/a	blank_white_screen	705	8175512	n/a
3993.9453125	n/a	fixation_cross	312	8179600	n/a
3995.91845703125	n/a	tool_image	1	8183641	tools/corkscrew_PNG43.png
3996.919921875	n/a	mask	701	8185692	n/a
3997.53271484375	n/a	blank_white_screen	705	8186947	n/a
3998.38720703125	n/a	tool_auditory_imagery_task	601	8188697	n/a
4003.39892578125	n/a	blank_white_screen	705	8198961	n/a
4005.38232421875	n/a	fixation_cross	312	8203023	n/a
4007.06494140625	n/a	animal_image	1	8206469	animals/cow_PNG50606.png
4008.0751953125	n/a	mask	701	8208538	n/a
4008.6826171875	n/a	blank_white_screen	705	8209782	n/a
4009.52099609375	n/a	animal_auditory_imagery_task	601	8211499	n/a
4014.5322265625	n/a	blank_white_screen	705	8221762	n/a
4016.513671875	n/a	fixation_cross	312	8225820	n/a
4017.69189453125	n/a	tool_image	1	8228233	tools/ax_PNG9104.png
4018.6875	n/a	mask	701	8230272	n/a
4019.298828125	n/a	blank_white_screen	705	8231524	n/a
4020.1953125	n/a	tool_auditory_imagery_task	601	8233360	n/a
4025.19921875	n/a	blank_white_screen	705	8243608	n/a
4027.1953125	n/a	fixation_cross	312	8247696	n/a
4029.17822265625	n/a	tool_image	1	8251757	tools/bottle_opener_PNG24.png
4030.1875	n/a	mask	701	8253824	n/a
4030.79931640625	n/a	blank_white_screen	705	8255077	n/a
4031.59130859375	n/a	tool_auditory_imagery_task	601	8256699	n/a
4036.59912109375	n/a	blank_white_screen	705	8266955	n/a
4038.58544921875	n/a	fixation_cross	312	8271023	n/a
4039.8115234375	n/a	tool_image	1	8273534	tools/microwave_PNG15726.png
4040.81982421875	n/a	mask	701	8275599	n/a
4041.4326171875	n/a	blank_white_screen	705	8276854	n/a
4042.3623046875	n/a	tool_auditory_imagery_task	601	8278758	n/a
4047.38232421875	n/a	blank_white_screen	705	8289039	n/a
4049.35546875	n/a	blank_white_screen	705	8293080	n/a
4051.3544921875	n/a	experiment_end	711	8297174	n/a
